../jfreechart/src/main/java/org/jfree/chart/ChartFactory.java, org.jfree.chart,ChartFactory,68
../jfreechart/src/main/java/org/jfree/chart/legend/LegendGraphic.java, org.jfree.chart.legend,LegendGraphic,11
../jfreechart/src/main/java/org/jfree/chart/legend/LegendTitle.java, org.jfree.chart.legend,LegendTitle,24
../jfreechart/src/main/java/org/jfree/chart/legend/LegendItem.java, org.jfree.chart.legend,LegendItem,9
../jfreechart/src/main/java/org/jfree/chart/legend/LegendItemCollection.java, org.jfree.chart.legend,LegendItemCollection,3
../jfreechart/src/main/java/org/jfree/chart/legend/LegendItemBlockContainer.java, org.jfree.chart.legend,LegendItemBlockContainer,7
../jfreechart/src/main/java/org/jfree/chart/legend/PaintScaleLegend.java, org.jfree.chart.legend,PaintScaleLegend,15
../jfreechart/src/main/java/org/jfree/chart/imagemap/StandardURLTagFragmentGenerator.java, org.jfree.chart.imagemap,StandardURLTagFragmentGenerator,1
../jfreechart/src/main/java/org/jfree/chart/imagemap/ImageMapUtils.java, org.jfree.chart.imagemap,ImageMapUtils,9
../jfreechart/src/main/java/org/jfree/chart/imagemap/StandardToolTipTagFragmentGenerator.java, org.jfree.chart.imagemap,StandardToolTipTagFragmentGenerator,2
../jfreechart/src/main/java/org/jfree/chart/imagemap/DynamicDriveToolTipTagFragmentGenerator.java, org.jfree.chart.imagemap,DynamicDriveToolTipTagFragmentGenerator,2
../jfreechart/src/main/java/org/jfree/chart/imagemap/OverLIBToolTipTagFragmentGenerator.java, org.jfree.chart.imagemap,OverLIBToolTipTagFragmentGenerator,2
../jfreechart/src/main/java/org/jfree/chart/renderer/OutlierList.java, org.jfree.chart.renderer,OutlierList,2
../jfreechart/src/main/java/org/jfree/chart/renderer/Outlier.java, org.jfree.chart.renderer,Outlier,1
../jfreechart/src/main/java/org/jfree/chart/renderer/category/MinMaxCategoryRenderer.java, org.jfree.chart.renderer.category,MinMaxCategoryRenderer,14
../jfreechart/src/main/java/org/jfree/chart/renderer/category/StatisticalBarRenderer.java, org.jfree.chart.renderer.category,StatisticalBarRenderer,13
../jfreechart/src/main/java/org/jfree/chart/renderer/category/LevelRenderer.java, org.jfree.chart.renderer.category,LevelRenderer,15
../jfreechart/src/main/java/org/jfree/chart/renderer/category/LineAndShapeRenderer.java, org.jfree.chart.renderer.category,LineAndShapeRenderer,16
../jfreechart/src/main/java/org/jfree/chart/renderer/category/BoxAndWhiskerRenderer.java, org.jfree.chart.renderer.category,BoxAndWhiskerRenderer,19
../jfreechart/src/main/java/org/jfree/chart/renderer/category/StackedAreaRenderer.java, org.jfree.chart.renderer.category,StackedAreaRenderer,13
../jfreechart/src/main/java/org/jfree/chart/renderer/category/StackedBarRenderer.java, org.jfree.chart.renderer.category,StackedBarRenderer,14
../jfreechart/src/main/java/org/jfree/chart/renderer/category/GanttRenderer.java, org.jfree.chart.renderer.category,GanttRenderer,18
../jfreechart/src/main/java/org/jfree/chart/renderer/category/DefaultCategoryItemRenderer.java, org.jfree.chart.renderer.category,DefaultCategoryItemRenderer,4
../jfreechart/src/main/java/org/jfree/chart/renderer/category/WaterfallBarRenderer.java, org.jfree.chart.renderer.category,WaterfallBarRenderer,16
../jfreechart/src/main/java/org/jfree/chart/renderer/category/BarRenderer.java, org.jfree.chart.renderer.category,BarRenderer,22
../jfreechart/src/main/java/org/jfree/chart/renderer/category/LayeredBarRenderer.java, org.jfree.chart.renderer.category,LayeredBarRenderer,10
../jfreechart/src/main/java/org/jfree/chart/renderer/category/StandardBarPainter.java, org.jfree.chart.renderer.category,StandardBarPainter,3
../jfreechart/src/main/java/org/jfree/chart/renderer/category/CategoryItemRendererState.java, org.jfree.chart.renderer.category,CategoryItemRendererState,7
../jfreechart/src/main/java/org/jfree/chart/renderer/category/GroupedStackedBarRenderer.java, org.jfree.chart.renderer.category,GroupedStackedBarRenderer,14
../jfreechart/src/main/java/org/jfree/chart/renderer/category/AreaRenderer.java, org.jfree.chart.renderer.category,AreaRenderer,15
../jfreechart/src/main/java/org/jfree/chart/renderer/category/GradientBarPainter.java, org.jfree.chart.renderer.category,GradientBarPainter,3
../jfreechart/src/main/java/org/jfree/chart/renderer/category/AbstractCategoryItemRenderer.java, org.jfree.chart.renderer.category,AbstractCategoryItemRenderer,27
../jfreechart/src/main/java/org/jfree/chart/renderer/category/StatisticalLineAndShapeRenderer.java, org.jfree.chart.renderer.category,StatisticalLineAndShapeRenderer,15
../jfreechart/src/main/java/org/jfree/chart/renderer/category/ScatterRenderer.java, org.jfree.chart.renderer.category,ScatterRenderer,14
../jfreechart/src/main/java/org/jfree/chart/renderer/category/IntervalBarRenderer.java, org.jfree.chart.renderer.category,IntervalBarRenderer,10
../jfreechart/src/main/java/org/jfree/chart/renderer/RendererUtils.java, org.jfree.chart.renderer,RendererUtils,2
../jfreechart/src/main/java/org/jfree/chart/renderer/GrayPaintScale.java, org.jfree.chart.renderer,GrayPaintScale,2
../jfreechart/src/main/java/org/jfree/chart/renderer/DefaultPolarItemRenderer.java, org.jfree.chart.renderer,DefaultPolarItemRenderer,18
../jfreechart/src/main/java/org/jfree/chart/renderer/NotOutlierException.java, org.jfree.chart.renderer,NotOutlierException,5
../jfreechart/src/main/java/org/jfree/chart/renderer/WaferMapRenderer.java, org.jfree.chart.renderer,WaferMapRenderer,9
../jfreechart/src/main/java/org/jfree/chart/renderer/RendererState.java, org.jfree.chart.renderer,RendererState,4
../jfreechart/src/main/java/org/jfree/chart/renderer/xy/DeviationStepRenderer.java, org.jfree.chart.renderer.xy,DeviationStepRenderer,15
../jfreechart/src/main/java/org/jfree/chart/renderer/xy/XYBubbleRenderer.java, org.jfree.chart.renderer.xy,XYBubbleRenderer,13
../jfreechart/src/main/java/org/jfree/chart/renderer/xy/StackedXYAreaRenderer2.java, org.jfree.chart.renderer.xy,StackedXYAreaRenderer2,16
../jfreechart/src/main/java/org/jfree/chart/renderer/xy/XYShapeRenderer.java, org.jfree.chart.renderer.xy,XYShapeRenderer,21
../jfreechart/src/main/java/org/jfree/chart/renderer/xy/XYItemRendererState.java, org.jfree.chart.renderer.xy,XYItemRendererState,5
../jfreechart/src/main/java/org/jfree/chart/renderer/xy/HighLowRenderer.java, org.jfree.chart.renderer.xy,HighLowRenderer,18
../jfreechart/src/main/java/org/jfree/chart/renderer/xy/StackedXYBarRenderer.java, org.jfree.chart.renderer.xy,StackedXYBarRenderer,17
../jfreechart/src/main/java/org/jfree/chart/renderer/xy/XYAreaRenderer2.java, org.jfree.chart.renderer.xy,XYAreaRenderer2,21
../jfreechart/src/main/java/org/jfree/chart/renderer/xy/XYErrorRenderer.java, org.jfree.chart.renderer.xy,XYErrorRenderer,16
../jfreechart/src/main/java/org/jfree/chart/renderer/xy/GradientXYBarPainter.java, org.jfree.chart.renderer.xy,GradientXYBarPainter,4
../jfreechart/src/main/java/org/jfree/chart/renderer/xy/DefaultXYItemRenderer.java, org.jfree.chart.renderer.xy,DefaultXYItemRenderer,5
../jfreechart/src/main/java/org/jfree/chart/renderer/xy/XYBlockRenderer.java, org.jfree.chart.renderer.xy,XYBlockRenderer,16
../jfreechart/src/main/java/org/jfree/chart/renderer/xy/AbstractXYItemRenderer.java, org.jfree.chart.renderer.xy,AbstractXYItemRenderer,28
../jfreechart/src/main/java/org/jfree/chart/renderer/xy/WindItemRenderer.java, org.jfree.chart.renderer.xy,WindItemRenderer,12
../jfreechart/src/main/java/org/jfree/chart/renderer/xy/XYStepAreaRenderer.java, org.jfree.chart.renderer.xy,XYStepAreaRenderer,16
../jfreechart/src/main/java/org/jfree/chart/renderer/xy/CandlestickRenderer.java, org.jfree.chart.renderer.xy,CandlestickRenderer,19
../jfreechart/src/main/java/org/jfree/chart/renderer/xy/YIntervalRenderer.java, org.jfree.chart.renderer.xy,YIntervalRenderer,17
../jfreechart/src/main/java/org/jfree/chart/renderer/xy/XYDotRenderer.java, org.jfree.chart.renderer.xy,XYDotRenderer,17
../jfreechart/src/main/java/org/jfree/chart/renderer/xy/VectorRenderer.java, org.jfree.chart.renderer.xy,VectorRenderer,14
../jfreechart/src/main/java/org/jfree/chart/renderer/xy/XYStepRenderer.java, org.jfree.chart.renderer.xy,XYStepRenderer,16
../jfreechart/src/main/java/org/jfree/chart/renderer/xy/XYBoxAndWhiskerRenderer.java, org.jfree.chart.renderer.xy,XYBoxAndWhiskerRenderer,21
../jfreechart/src/main/java/org/jfree/chart/renderer/xy/XYDifferenceRenderer.java, org.jfree.chart.renderer.xy,XYDifferenceRenderer,20
../jfreechart/src/main/java/org/jfree/chart/renderer/xy/ClusteredXYBarRenderer.java, org.jfree.chart.renderer.xy,ClusteredXYBarRenderer,15
../jfreechart/src/main/java/org/jfree/chart/renderer/xy/StandardXYBarPainter.java, org.jfree.chart.renderer.xy,StandardXYBarPainter,4
../jfreechart/src/main/java/org/jfree/chart/renderer/OutlierListCollection.java, org.jfree.chart.renderer,OutlierListCollection,3
../jfreechart/src/main/java/org/jfree/chart/renderer/AbstractRenderer.java, org.jfree.chart.renderer,AbstractRenderer,14
../jfreechart/src/main/java/org/jfree/chart/plot/CombinedRangeCategoryPlot.java, org.jfree.chart.plot,CombinedRangeCategoryPlot,17
../jfreechart/src/main/java/org/jfree/chart/plot/FastScatterPlot.java, org.jfree.chart.plot,FastScatterPlot,21
../jfreechart/src/main/java/org/jfree/chart/plot/CrosshairState.java, org.jfree.chart.plot,CrosshairState,3
../jfreechart/src/main/java/org/jfree/chart/plot/XYCrosshairState.java, org.jfree.chart.plot,XYCrosshairState,5
../jfreechart/src/main/java/org/jfree/chart/plot/PlotState.java, org.jfree.chart.plot,PlotState,4
../jfreechart/src/main/java/org/jfree/chart/plot/WaferMapPlot.java, org.jfree.chart.plot,WaferMapPlot,13
../jfreechart/src/main/java/org/jfree/chart/plot/Crosshair.java, org.jfree.chart.plot,Crosshair,7
../jfreechart/src/main/java/org/jfree/chart/plot/DefaultDrawingSupplier.java, org.jfree.chart.plot,DefaultDrawingSupplier,5
../jfreechart/src/main/java/org/jfree/chart/plot/PlotRenderingInfo.java, org.jfree.chart.plot,PlotRenderingInfo,7
../jfreechart/src/main/java/org/jfree/chart/plot/PolarPlot.java, org.jfree.chart.plot,PolarPlot,26
../jfreechart/src/main/java/org/jfree/chart/plot/RingPlot.java, org.jfree.chart.plot,RingPlot,13
../jfreechart/src/main/java/org/jfree/chart/plot/MeterInterval.java, org.jfree.chart.plot,MeterInterval,7
../jfreechart/src/main/java/org/jfree/chart/plot/dial/AbstractDialLayer.java, org.jfree.chart.plot.dial,AbstractDialLayer,3
../jfreechart/src/main/java/org/jfree/chart/plot/dial/ArcDialFrame.java, org.jfree.chart.plot.dial,ArcDialFrame,10
../jfreechart/src/main/java/org/jfree/chart/plot/dial/DialLayerChangeEvent.java, org.jfree.chart.plot.dial,DialLayerChangeEvent,3
../jfreechart/src/main/java/org/jfree/chart/plot/dial/StandardDialRange.java, org.jfree.chart.plot.dial,StandardDialRange,11
../jfreechart/src/main/java/org/jfree/chart/plot/dial/DialTextAnnotation.java, org.jfree.chart.plot.dial,DialTextAnnotation,12
../jfreechart/src/main/java/org/jfree/chart/plot/dial/DialBackground.java, org.jfree.chart.plot.dial,DialBackground,11
../jfreechart/src/main/java/org/jfree/chart/plot/dial/StandardDialScale.java, org.jfree.chart.plot.dial,StandardDialScale,11
../jfreechart/src/main/java/org/jfree/chart/plot/dial/DialCap.java, org.jfree.chart.plot.dial,DialCap,11
../jfreechart/src/main/java/org/jfree/chart/plot/dial/StandardDialFrame.java, org.jfree.chart.plot.dial,StandardDialFrame,10
../jfreechart/src/main/java/org/jfree/chart/plot/dial/DialValueIndicator.java, org.jfree.chart.plot.dial,DialValueIndicator,14
../jfreechart/src/main/java/org/jfree/chart/plot/dial/DialPlot.java, org.jfree.chart.plot.dial,DialPlot,11
../jfreechart/src/main/java/org/jfree/chart/plot/pie/MultiplePiePlot.java, org.jfree.chart.plot.pie,MultiplePiePlot,20
../jfreechart/src/main/java/org/jfree/chart/plot/pie/AbstractPieLabelDistributor.java, org.jfree.chart.plot.pie,AbstractPieLabelDistributor,5
../jfreechart/src/main/java/org/jfree/chart/plot/pie/PiePlotState.java, org.jfree.chart.plot.pie,PiePlotState,6
../jfreechart/src/main/java/org/jfree/chart/plot/pie/PieLabelRecord.java, org.jfree.chart.plot.pie,PieLabelRecord,2
../jfreechart/src/main/java/org/jfree/chart/plot/pie/PiePlot.java, org.jfree.chart.plot.pie,PiePlot<K,28
../jfreechart/src/main/java/org/jfree/chart/plot/pie/PieLabelDistributor.java, org.jfree.chart.plot.pie,PieLabelDistributor,4
../jfreechart/src/main/java/org/jfree/chart/plot/MeterPlot.java, org.jfree.chart.plot,MeterPlot,18
../jfreechart/src/main/java/org/jfree/chart/plot/ValueMarker.java, org.jfree.chart.plot,ValueMarker,4
../jfreechart/src/main/java/org/jfree/chart/plot/CategoryPlot.java, org.jfree.chart.plot,CategoryPlot<R,35
../jfreechart/src/main/java/org/jfree/chart/plot/XYPlot.java, org.jfree.chart.plot,XYPlot<S,34
../jfreechart/src/main/java/org/jfree/chart/plot/IntervalMarker.java, org.jfree.chart.plot,IntervalMarker,4
../jfreechart/src/main/java/org/jfree/chart/plot/CategoryMarker.java, org.jfree.chart.plot,CategoryMarker,6
../jfreechart/src/main/java/org/jfree/chart/plot/ThermometerPlot.java, org.jfree.chart.plot,ThermometerPlot,23
../jfreechart/src/main/java/org/jfree/chart/plot/compass/MeterNeedle.java, org.jfree.chart.plot.compass,MeterNeedle,6
../jfreechart/src/main/java/org/jfree/chart/plot/compass/MiddlePinNeedle.java, org.jfree.chart.plot.compass,MiddlePinNeedle,4
../jfreechart/src/main/java/org/jfree/chart/plot/compass/WindNeedle.java, org.jfree.chart.plot.compass,WindNeedle,5
../jfreechart/src/main/java/org/jfree/chart/plot/compass/PointerNeedle.java, org.jfree.chart.plot.compass,PointerNeedle,5
../jfreechart/src/main/java/org/jfree/chart/plot/compass/ShipNeedle.java, org.jfree.chart.plot.compass,ShipNeedle,5
../jfreechart/src/main/java/org/jfree/chart/plot/compass/LongNeedle.java, org.jfree.chart.plot.compass,LongNeedle,3
../jfreechart/src/main/java/org/jfree/chart/plot/compass/ArrowNeedle.java, org.jfree.chart.plot.compass,ArrowNeedle,4
../jfreechart/src/main/java/org/jfree/chart/plot/compass/PinNeedle.java, org.jfree.chart.plot.compass,PinNeedle,3
../jfreechart/src/main/java/org/jfree/chart/plot/compass/PlumNeedle.java, org.jfree.chart.plot.compass,PlumNeedle,5
../jfreechart/src/main/java/org/jfree/chart/plot/compass/CompassPlot.java, org.jfree.chart.plot.compass,CompassPlot,24
../jfreechart/src/main/java/org/jfree/chart/plot/compass/LineNeedle.java, org.jfree.chart.plot.compass,LineNeedle,3
../jfreechart/src/main/java/org/jfree/chart/plot/CategoryCrosshairState.java, org.jfree.chart.plot,CategoryCrosshairState<R,5
../jfreechart/src/main/java/org/jfree/chart/plot/CombinedRangeXYPlot.java, org.jfree.chart.plot,CombinedRangeXYPlot<S,18
../jfreechart/src/main/java/org/jfree/chart/plot/CombinedDomainXYPlot.java, org.jfree.chart.plot,CombinedDomainXYPlot<S,19
../jfreechart/src/main/java/org/jfree/chart/plot/SpiderWebPlot.java, org.jfree.chart.plot,SpiderWebPlot,18
../jfreechart/src/main/java/org/jfree/chart/plot/Marker.java, org.jfree.chart.plot,Marker,7
../jfreechart/src/main/java/org/jfree/chart/plot/Plot.java, org.jfree.chart.plot,Plot,24
../jfreechart/src/main/java/org/jfree/chart/plot/CombinedDomainCategoryPlot.java, org.jfree.chart.plot,CombinedDomainCategoryPlot,17
../jfreechart/src/main/java/org/jfree/chart/plot/flow/FlowPlot.java, org.jfree.chart.plot.flow,FlowPlot,15
../jfreechart/src/main/java/org/jfree/chart/util/StringUtils.java, org.jfree.chart.util,StringUtils,1
../jfreechart/src/main/java/org/jfree/chart/util/DirectionalGradientPaintTransformer.java, org.jfree.chart.util,DirectionalGradientPaintTransformer,1
../jfreechart/src/main/java/org/jfree/chart/util/StandardGradientPaintTransformer.java, org.jfree.chart.util,StandardGradientPaintTransformer,1
../jfreechart/src/main/java/org/jfree/chart/util/AttrStringUtils.java, org.jfree.chart.util,AttrStringUtils,3
../jfreechart/src/main/java/org/jfree/chart/util/DefaultShadowGenerator.java, org.jfree.chart.util,DefaultShadowGenerator,3
../jfreechart/src/main/java/org/jfree/chart/util/ExportUtils.java, org.jfree.chart.util,ExportUtils,2
../jfreechart/src/main/java/org/jfree/chart/util/PaintAlpha.java, org.jfree.chart.util,PaintAlpha,1
../jfreechart/src/main/java/org/jfree/chart/title/Title.java, org.jfree.chart.title,Title,6
../jfreechart/src/main/java/org/jfree/chart/title/ShortTextTitle.java, org.jfree.chart.title,ShortTextTitle,8
../jfreechart/src/main/java/org/jfree/chart/title/ImageTitle.java, org.jfree.chart.title,ImageTitle,7
../jfreechart/src/main/java/org/jfree/chart/title/DateTitle.java, org.jfree.chart.title,DateTitle,5
../jfreechart/src/main/java/org/jfree/chart/title/TextTitle.java, org.jfree.chart.title,TextTitle,19
../jfreechart/src/main/java/org/jfree/chart/title/CompositeTitle.java, org.jfree.chart.title,CompositeTitle,11
../jfreechart/src/main/java/org/jfree/chart/JFreeChart.java, org.jfree.chart,JFreeChart,24
../jfreechart/src/main/java/org/jfree/chart/entity/CategoryLabelEntity.java, org.jfree.chart.entity,CategoryLabelEntity<C,7
../jfreechart/src/main/java/org/jfree/chart/entity/TitleEntity.java, org.jfree.chart.entity,TitleEntity,7
../jfreechart/src/main/java/org/jfree/chart/entity/PlotEntity.java, org.jfree.chart.entity,PlotEntity,7
../jfreechart/src/main/java/org/jfree/chart/entity/AxisEntity.java, org.jfree.chart.entity,AxisEntity,7
../jfreechart/src/main/java/org/jfree/chart/entity/TickLabelEntity.java, org.jfree.chart.entity,TickLabelEntity,4
../jfreechart/src/main/java/org/jfree/chart/entity/CategoryItemEntity.java, org.jfree.chart.entity,CategoryItemEntity<R,4
../jfreechart/src/main/java/org/jfree/chart/entity/JFreeChartEntity.java, org.jfree.chart.entity,JFreeChartEntity,6
../jfreechart/src/main/java/org/jfree/chart/entity/LegendItemEntity.java, org.jfree.chart.entity,LegendItemEntity<S,4
../jfreechart/src/main/java/org/jfree/chart/entity/PieSectionEntity.java, org.jfree.chart.entity,PieSectionEntity<K,4
../jfreechart/src/main/java/org/jfree/chart/entity/StandardEntityCollection.java, org.jfree.chart.entity,StandardEntityCollection,3
../jfreechart/src/main/java/org/jfree/chart/entity/ChartEntity.java, org.jfree.chart.entity,ChartEntity,4
../jfreechart/src/main/java/org/jfree/chart/entity/XYItemEntity.java, org.jfree.chart.entity,XYItemEntity,4
../jfreechart/src/main/java/org/jfree/chart/entity/FlowEntity.java, org.jfree.chart.entity,FlowEntity,6
../jfreechart/src/main/java/org/jfree/chart/entity/NodeEntity.java, org.jfree.chart.entity,NodeEntity,7
../jfreechart/src/main/java/org/jfree/chart/entity/XYAnnotationEntity.java, org.jfree.chart.entity,XYAnnotationEntity,4
../jfreechart/src/main/java/org/jfree/chart/ChartUtils.java, org.jfree.chart,ChartUtils,9
../jfreechart/src/main/java/org/jfree/chart/swing/ApplicationFrame.java, org.jfree.chart.swing,ApplicationFrame,2
../jfreechart/src/main/java/org/jfree/chart/swing/DefaultSelectionZoomStrategy.java, org.jfree.chart.swing,DefaultSelectionZoomStrategy,2
../jfreechart/src/main/java/org/jfree/chart/swing/PolarChartPanel.java, org.jfree.chart.swing,PolarChartPanel,7
../jfreechart/src/main/java/org/jfree/chart/swing/UIUtils.java, org.jfree.chart.swing,UIUtils,2
../jfreechart/src/main/java/org/jfree/chart/swing/ChartFrame.java, org.jfree.chart.swing,ChartFrame,3
../jfreechart/src/main/java/org/jfree/chart/swing/NumberCellRenderer.java, org.jfree.chart.swing,NumberCellRenderer,2
../jfreechart/src/main/java/org/jfree/chart/swing/ChartPanel.java, org.jfree.chart.swing,ChartPanel,18
../jfreechart/src/main/java/org/jfree/chart/swing/CrosshairOverlay.java, org.jfree.chart.swing,CrosshairOverlay,13
../jfreechart/src/main/java/org/jfree/chart/swing/OverlayChangeEvent.java, org.jfree.chart.swing,OverlayChangeEvent,2
../jfreechart/src/main/java/org/jfree/chart/swing/MouseWheelHandler.java, org.jfree.chart.swing,MouseWheelHandler,6
../jfreechart/src/main/java/org/jfree/chart/swing/ChartMouseEvent.java, org.jfree.chart.swing,ChartMouseEvent,4
../jfreechart/src/main/java/org/jfree/chart/swing/AbstractOverlay.java, org.jfree.chart.swing,AbstractOverlay,5
../jfreechart/src/main/java/org/jfree/chart/swing/editor/DefaultChartEditorFactory.java, org.jfree.chart.swing.editor,DefaultChartEditorFactory,1
../jfreechart/src/main/java/org/jfree/chart/swing/editor/DefaultPolarPlotEditor.java, org.jfree.chart.swing.editor,DefaultPolarPlotEditor,9
../jfreechart/src/main/java/org/jfree/chart/swing/editor/FontDisplayField.java, org.jfree.chart.swing.editor,FontDisplayField,2
../jfreechart/src/main/java/org/jfree/chart/swing/editor/PaintSample.java, org.jfree.chart.swing.editor,PaintSample,2
../jfreechart/src/main/java/org/jfree/chart/swing/editor/DefaultLogAxisEditor.java, org.jfree.chart.swing.editor,DefaultLogAxisEditor,9
../jfreechart/src/main/java/org/jfree/chart/swing/editor/ChartEditorManager.java, org.jfree.chart.swing.editor,ChartEditorManager,3
../jfreechart/src/main/java/org/jfree/chart/swing/editor/FontChooserPanel.java, org.jfree.chart.swing.editor,FontChooserPanel,3
../jfreechart/src/main/java/org/jfree/chart/swing/editor/LCBLayout.java, org.jfree.chart.swing.editor,LCBLayout,1
../jfreechart/src/main/java/org/jfree/chart/swing/editor/StrokeChooserPanel.java, org.jfree.chart.swing.editor,StrokeChooserPanel,3
../jfreechart/src/main/java/org/jfree/chart/swing/editor/StrokeSample.java, org.jfree.chart.swing.editor,StrokeSample,2
../jfreechart/src/main/java/org/jfree/chart/date/SpreadsheetDate.java, org.jfree.chart.date,SpreadsheetDate,8
../jfreechart/src/main/java/org/jfree/chart/date/SerialDate.java, org.jfree.chart.date,SerialDate,9
../jfreechart/src/main/java/org/jfree/chart/labels/IntervalXYItemLabelGenerator.java, org.jfree.chart.labels,IntervalXYItemLabelGenerator,3
../jfreechart/src/main/java/org/jfree/chart/labels/StandardPieToolTipGenerator.java, org.jfree.chart.labels,StandardPieToolTipGenerator,3
../jfreechart/src/main/java/org/jfree/chart/labels/IntervalXYToolTipGenerator.java, org.jfree.chart.labels,IntervalXYToolTipGenerator,3
../jfreechart/src/main/java/org/jfree/chart/labels/BoxAndWhiskerXYToolTipGenerator.java, org.jfree.chart.labels,BoxAndWhiskerXYToolTipGenerator,3
../jfreechart/src/main/java/org/jfree/chart/labels/AbstractCategoryItemLabelGenerator.java, org.jfree.chart.labels,AbstractCategoryItemLabelGenerator,4
../jfreechart/src/main/java/org/jfree/chart/labels/MultipleXYSeriesLabelGenerator.java, org.jfree.chart.labels,MultipleXYSeriesLabelGenerator,3
../jfreechart/src/main/java/org/jfree/chart/labels/CustomXYToolTipGenerator.java, org.jfree.chart.labels,CustomXYToolTipGenerator,1
../jfreechart/src/main/java/org/jfree/chart/labels/BoxAndWhiskerToolTipGenerator.java, org.jfree.chart.labels,BoxAndWhiskerToolTipGenerator,3
../jfreechart/src/main/java/org/jfree/chart/labels/AbstractXYItemLabelGenerator.java, org.jfree.chart.labels,AbstractXYItemLabelGenerator,3
../jfreechart/src/main/java/org/jfree/chart/labels/IntervalCategoryItemLabelGenerator.java, org.jfree.chart.labels,IntervalCategoryItemLabelGenerator,3
../jfreechart/src/main/java/org/jfree/chart/labels/SymbolicXYItemLabelGenerator.java, org.jfree.chart.labels,SymbolicXYItemLabelGenerator,3
../jfreechart/src/main/java/org/jfree/chart/labels/BubbleXYItemLabelGenerator.java, org.jfree.chart.labels,BubbleXYItemLabelGenerator,6
../jfreechart/src/main/java/org/jfree/chart/labels/StandardCategorySeriesLabelGenerator.java, org.jfree.chart.labels,StandardCategorySeriesLabelGenerator,3
../jfreechart/src/main/java/org/jfree/chart/labels/StandardCrosshairLabelGenerator.java, org.jfree.chart.labels,StandardCrosshairLabelGenerator,3
../jfreechart/src/main/java/org/jfree/chart/labels/StandardXYItemLabelGenerator.java, org.jfree.chart.labels,StandardXYItemLabelGenerator,3
../jfreechart/src/main/java/org/jfree/chart/labels/StandardFlowLabelGenerator.java, org.jfree.chart.labels,StandardFlowLabelGenerator,2
../jfreechart/src/main/java/org/jfree/chart/labels/StandardCategoryToolTipGenerator.java, org.jfree.chart.labels,StandardCategoryToolTipGenerator,3
../jfreechart/src/main/java/org/jfree/chart/labels/StandardXYZToolTipGenerator.java, org.jfree.chart.labels,StandardXYZToolTipGenerator,4
../jfreechart/src/main/java/org/jfree/chart/labels/StandardPieSectionLabelGenerator.java, org.jfree.chart.labels,StandardPieSectionLabelGenerator,3
../jfreechart/src/main/java/org/jfree/chart/labels/StandardCategoryItemLabelGenerator.java, org.jfree.chart.labels,StandardCategoryItemLabelGenerator,3
../jfreechart/src/main/java/org/jfree/chart/labels/StandardXYToolTipGenerator.java, org.jfree.chart.labels,StandardXYToolTipGenerator,3
../jfreechart/src/main/java/org/jfree/chart/labels/ItemLabelPosition.java, org.jfree.chart.labels,ItemLabelPosition,2
../jfreechart/src/main/java/org/jfree/chart/labels/IntervalCategoryToolTipGenerator.java, org.jfree.chart.labels,IntervalCategoryToolTipGenerator,3
../jfreechart/src/main/java/org/jfree/chart/labels/AbstractPieItemLabelGenerator.java, org.jfree.chart.labels,AbstractPieItemLabelGenerator,4
../jfreechart/src/main/java/org/jfree/chart/labels/StandardXYSeriesLabelGenerator.java, org.jfree.chart.labels,StandardXYSeriesLabelGenerator,3
../jfreechart/src/main/java/org/jfree/chart/labels/HighLowItemLabelGenerator.java, org.jfree.chart.labels,HighLowItemLabelGenerator,3
../jfreechart/src/main/java/org/jfree/chart/internal/ShapeUtils.java, org.jfree.chart.internal,ShapeUtils,3
../jfreechart/src/main/java/org/jfree/chart/internal/ArrayUtils.java, org.jfree.chart.internal,ArrayUtils,1
../jfreechart/src/main/java/org/jfree/chart/internal/LineUtils.java, org.jfree.chart.internal,LineUtils,2
../jfreechart/src/main/java/org/jfree/chart/internal/SerialUtils.java, org.jfree.chart.internal,SerialUtils,2
../jfreechart/src/main/java/org/jfree/chart/internal/CloneUtils.java, org.jfree.chart.internal,CloneUtils,2
../jfreechart/src/main/java/org/jfree/chart/internal/PaintUtils.java, org.jfree.chart.internal,PaintUtils,2
../jfreechart/src/main/java/org/jfree/chart/internal/Args.java, org.jfree.chart.internal,Args,2
../jfreechart/src/main/java/org/jfree/chart/internal/HashUtils.java, org.jfree.chart.internal,HashUtils,1
../jfreechart/src/main/java/org/jfree/chart/annotations/XYImageAnnotation.java, org.jfree.chart.annotations,XYImageAnnotation,10
../jfreechart/src/main/java/org/jfree/chart/annotations/TextAnnotation.java, org.jfree.chart.annotations,TextAnnotation,8
../jfreechart/src/main/java/org/jfree/chart/annotations/XYTextAnnotation.java, org.jfree.chart.annotations,XYTextAnnotation,15
../jfreechart/src/main/java/org/jfree/chart/annotations/AbstractAnnotation.java, org.jfree.chart.annotations,AbstractAnnotation,2
../jfreechart/src/main/java/org/jfree/chart/annotations/XYDrawableAnnotation.java, org.jfree.chart.annotations,XYDrawableAnnotation,9
../jfreechart/src/main/java/org/jfree/chart/annotations/XYTitleAnnotation.java, org.jfree.chart.annotations,XYTitleAnnotation,17
../jfreechart/src/main/java/org/jfree/chart/annotations/CategoryLineAnnotation.java, org.jfree.chart.annotations,CategoryLineAnnotation,14
../jfreechart/src/main/java/org/jfree/chart/annotations/XYDataImageAnnotation.java, org.jfree.chart.annotations,XYDataImageAnnotation,10
../jfreechart/src/main/java/org/jfree/chart/annotations/XYPolygonAnnotation.java, org.jfree.chart.annotations,XYPolygonAnnotation,12
../jfreechart/src/main/java/org/jfree/chart/annotations/XYLineAnnotation.java, org.jfree.chart.annotations,XYLineAnnotation,13
../jfreechart/src/main/java/org/jfree/chart/annotations/CategoryPointerAnnotation.java, org.jfree.chart.annotations,CategoryPointerAnnotation,14
../jfreechart/src/main/java/org/jfree/chart/annotations/XYShapeAnnotation.java, org.jfree.chart.annotations,XYShapeAnnotation,12
../jfreechart/src/main/java/org/jfree/chart/annotations/XYPointerAnnotation.java, org.jfree.chart.annotations,XYPointerAnnotation,14
../jfreechart/src/main/java/org/jfree/chart/annotations/CategoryTextAnnotation.java, org.jfree.chart.annotations,CategoryTextAnnotation,11
../jfreechart/src/main/java/org/jfree/chart/annotations/AbstractXYAnnotation.java, org.jfree.chart.annotations,AbstractXYAnnotation,9
../jfreechart/src/main/java/org/jfree/chart/annotations/XYBoxAnnotation.java, org.jfree.chart.annotations,XYBoxAnnotation,11
../jfreechart/src/main/java/org/jfree/chart/StandardChartTheme.java, org.jfree.chart,StandardChartTheme,48
../jfreechart/src/main/java/org/jfree/chart/urls/StandardXYZURLGenerator.java, org.jfree.chart.urls,StandardXYZURLGenerator,3
../jfreechart/src/main/java/org/jfree/chart/urls/CustomXYURLGenerator.java, org.jfree.chart.urls,CustomXYURLGenerator,1
../jfreechart/src/main/java/org/jfree/chart/urls/CustomCategoryURLGenerator.java, org.jfree.chart.urls,CustomCategoryURLGenerator,1
../jfreechart/src/main/java/org/jfree/chart/urls/CustomPieURLGenerator.java, org.jfree.chart.urls,CustomPieURLGenerator,3
../jfreechart/src/main/java/org/jfree/chart/urls/TimeSeriesURLGenerator.java, org.jfree.chart.urls,TimeSeriesURLGenerator,2
../jfreechart/src/main/java/org/jfree/chart/urls/StandardCategoryURLGenerator.java, org.jfree.chart.urls,StandardCategoryURLGenerator,2
../jfreechart/src/main/java/org/jfree/chart/urls/StandardPieURLGenerator.java, org.jfree.chart.urls,StandardPieURLGenerator,2
../jfreechart/src/main/java/org/jfree/chart/urls/StandardXYURLGenerator.java, org.jfree.chart.urls,StandardXYURLGenerator,2
../jfreechart/src/main/java/org/jfree/chart/encoders/SunJPEGEncoderAdapter.java, org.jfree.chart.encoders,SunJPEGEncoderAdapter,3
../jfreechart/src/main/java/org/jfree/chart/encoders/SunPNGEncoderAdapter.java, org.jfree.chart.encoders,SunPNGEncoderAdapter,3
../jfreechart/src/main/java/org/jfree/chart/encoders/ImageEncoderFactory.java, org.jfree.chart.encoders,ImageEncoderFactory,3
../jfreechart/src/main/java/org/jfree/chart/encoders/EncoderUtil.java, org.jfree.chart.encoders,EncoderUtil,2
../jfreechart/src/main/java/org/jfree/chart/axis/SubCategoryAxis.java, org.jfree.chart.axis,SubCategoryAxis,12
../jfreechart/src/main/java/org/jfree/chart/axis/ModuloAxis.java, org.jfree.chart.axis,ModuloAxis,6
../jfreechart/src/main/java/org/jfree/chart/axis/LogarithmicAxis.java, org.jfree.chart.axis,LogarithmicAxis,10
../jfreechart/src/main/java/org/jfree/chart/axis/CategoryAxis.java, org.jfree.chart.axis,CategoryAxis,21
../jfreechart/src/main/java/org/jfree/chart/axis/CategoryTick.java, org.jfree.chart.axis,CategoryTick,6
../jfreechart/src/main/java/org/jfree/chart/axis/NumberTickUnit.java, org.jfree.chart.axis,NumberTickUnit,6
../jfreechart/src/main/java/org/jfree/chart/axis/TickUnits.java, org.jfree.chart.axis,TickUnits,8
../jfreechart/src/main/java/org/jfree/chart/axis/PeriodAxis.java, org.jfree.chart.axis,PeriodAxis,21
../jfreechart/src/main/java/org/jfree/chart/axis/Tick.java, org.jfree.chart.axis,Tick,2
../jfreechart/src/main/java/org/jfree/chart/axis/Axis.java, org.jfree.chart.axis,Axis,18
../jfreechart/src/main/java/org/jfree/chart/axis/AxisCollection.java, org.jfree.chart.axis,AxisCollection,3
../jfreechart/src/main/java/org/jfree/chart/axis/ExtendedCategoryAxis.java, org.jfree.chart.axis,ExtendedCategoryAxis,11
../jfreechart/src/main/java/org/jfree/chart/axis/NumberTick.java, org.jfree.chart.axis,NumberTick,4
../jfreechart/src/main/java/org/jfree/chart/axis/NumberAxis.java, org.jfree.chart.axis,NumberAxis,19
../jfreechart/src/main/java/org/jfree/chart/axis/DateTickUnit.java, org.jfree.chart.axis,DateTickUnit,9
../jfreechart/src/main/java/org/jfree/chart/axis/MarkerAxisBand.java, org.jfree.chart.axis,MarkerAxisBand,8
../jfreechart/src/main/java/org/jfree/chart/axis/QuarterDateFormat.java, org.jfree.chart.axis,QuarterDateFormat,4
../jfreechart/src/main/java/org/jfree/chart/axis/MonthDateFormat.java, org.jfree.chart.axis,MonthDateFormat,5
../jfreechart/src/main/java/org/jfree/chart/axis/PeriodAxisLabelInfo.java, org.jfree.chart.axis,PeriodAxisLabelInfo,7
../jfreechart/src/main/java/org/jfree/chart/axis/TickUnit.java, org.jfree.chart.axis,TickUnit,4
../jfreechart/src/main/java/org/jfree/chart/axis/StandardTickUnitSource.java, org.jfree.chart.axis,StandardTickUnitSource,7
../jfreechart/src/main/java/org/jfree/chart/axis/AxisSpace.java, org.jfree.chart.axis,AxisSpace,3
../jfreechart/src/main/java/org/jfree/chart/axis/CategoryLabelPosition.java, org.jfree.chart.axis,CategoryLabelPosition,5
../jfreechart/src/main/java/org/jfree/chart/axis/SymbolAxis.java, org.jfree.chart.axis,SymbolAxis,17
../jfreechart/src/main/java/org/jfree/chart/axis/LogTick.java, org.jfree.chart.axis,LogTick,6
../jfreechart/src/main/java/org/jfree/chart/axis/LogAxis.java, org.jfree.chart.axis,LogAxis,21
../jfreechart/src/main/java/org/jfree/chart/axis/CompassFormat.java, org.jfree.chart.axis,CompassFormat,3
../jfreechart/src/main/java/org/jfree/chart/axis/DateTick.java, org.jfree.chart.axis,DateTick,7
../jfreechart/src/main/java/org/jfree/chart/axis/CategoryLabelPositions.java, org.jfree.chart.axis,CategoryLabelPositions,5
../jfreechart/src/main/java/org/jfree/chart/axis/ValueTick.java, org.jfree.chart.axis,ValueTick,3
../jfreechart/src/main/java/org/jfree/chart/axis/ValueAxis.java, org.jfree.chart.axis,ValueAxis,21
../jfreechart/src/main/java/org/jfree/chart/axis/NumberTickUnitSource.java, org.jfree.chart.axis,NumberTickUnitSource,5
../jfreechart/src/main/java/org/jfree/chart/axis/AxisState.java, org.jfree.chart.axis,AxisState,5
../jfreechart/src/main/java/org/jfree/chart/ChartRenderingInfo.java, org.jfree.chart,ChartRenderingInfo,5
../jfreechart/src/main/java/org/jfree/chart/ChartTransferable.java, org.jfree.chart,ChartTransferable,2
../jfreechart/src/main/java/org/jfree/chart/api/RectangleInsets.java, org.jfree.chart.api,RectangleInsets,2
../jfreechart/src/main/java/org/jfree/chart/ChartColor.java, org.jfree.chart,ChartColor,2
../jfreechart/src/main/java/org/jfree/chart/text/AttributedStringUtils.java, org.jfree.chart.text,AttributedStringUtils,2
../jfreechart/src/main/java/org/jfree/chart/text/TextBox.java, org.jfree.chart.text,TextBox,5
../jfreechart/src/main/java/org/jfree/chart/text/TextLine.java, org.jfree.chart.text,TextLine,5
../jfreechart/src/main/java/org/jfree/chart/text/TextBlock.java, org.jfree.chart.text,TextBlock,6
../jfreechart/src/main/java/org/jfree/chart/text/G2TextMeasurer.java, org.jfree.chart.text,G2TextMeasurer,2
../jfreechart/src/main/java/org/jfree/chart/text/format/RelativeDateFormat.java, org.jfree.chart.text.format,RelativeDateFormat,7
../jfreechart/src/main/java/org/jfree/chart/text/format/HMSNumberFormat.java, org.jfree.chart.text.format,HMSNumberFormat,2
../jfreechart/src/main/java/org/jfree/chart/text/format/LogFormat.java, org.jfree.chart.text.format,LogFormat,3
../jfreechart/src/main/java/org/jfree/chart/text/format/HexNumberFormat.java, org.jfree.chart.text.format,HexNumberFormat,2
../jfreechart/src/main/java/org/jfree/chart/text/TextUtils.java, org.jfree.chart.text,TextUtils,5
../jfreechart/src/main/java/org/jfree/chart/text/TextFragment.java, org.jfree.chart.text,TextFragment,6
../jfreechart/src/main/java/org/jfree/chart/event/AxisChangeEvent.java, org.jfree.chart.event,AxisChangeEvent,4
../jfreechart/src/main/java/org/jfree/chart/event/ChartChangeEvent.java, org.jfree.chart.event,ChartChangeEvent,3
../jfreechart/src/main/java/org/jfree/chart/event/PlotChangeEvent.java, org.jfree.chart.event,PlotChangeEvent,4
../jfreechart/src/main/java/org/jfree/chart/event/ChartProgressEvent.java, org.jfree.chart.event,ChartProgressEvent,3
../jfreechart/src/main/java/org/jfree/chart/event/TitleChangeEvent.java, org.jfree.chart.event,TitleChangeEvent,4
../jfreechart/src/main/java/org/jfree/chart/event/RendererChangeEvent.java, org.jfree.chart.event,RendererChangeEvent,3
../jfreechart/src/main/java/org/jfree/chart/event/AnnotationChangeEvent.java, org.jfree.chart.event,AnnotationChangeEvent,4
../jfreechart/src/main/java/org/jfree/chart/event/MarkerChangeEvent.java, org.jfree.chart.event,MarkerChangeEvent,4
../jfreechart/src/main/java/org/jfree/chart/block/AbstractBlock.java, org.jfree.chart.block,AbstractBlock,9
../jfreechart/src/main/java/org/jfree/chart/block/BlockResult.java, org.jfree.chart.block,BlockResult,1
../jfreechart/src/main/java/org/jfree/chart/block/LabelBlock.java, org.jfree.chart.block,LabelBlock,14
../jfreechart/src/main/java/org/jfree/chart/block/BlockParams.java, org.jfree.chart.block,BlockParams,1
../jfreechart/src/main/java/org/jfree/chart/block/Size2D.java, org.jfree.chart.block,Size2D,1
../jfreechart/src/main/java/org/jfree/chart/block/FlowArrangement.java, org.jfree.chart.block,FlowArrangement,5
../jfreechart/src/main/java/org/jfree/chart/block/BorderArrangement.java, org.jfree.chart.block,BorderArrangement,5
../jfreechart/src/main/java/org/jfree/chart/block/GridArrangement.java, org.jfree.chart.block,GridArrangement,5
../jfreechart/src/main/java/org/jfree/chart/block/ColumnArrangement.java, org.jfree.chart.block,ColumnArrangement,5
../jfreechart/src/main/java/org/jfree/chart/block/LineBorder.java, org.jfree.chart.block,LineBorder,6
../jfreechart/src/main/java/org/jfree/chart/block/ColorBlock.java, org.jfree.chart.block,ColorBlock,8
../jfreechart/src/main/java/org/jfree/chart/block/BlockContainer.java, org.jfree.chart.block,BlockContainer,10
../jfreechart/src/main/java/org/jfree/chart/block/CenterArrangement.java, org.jfree.chart.block,CenterArrangement,5
../jfreechart/src/main/java/org/jfree/chart/block/RectangleConstraint.java, org.jfree.chart.block,RectangleConstraint,4
../jfreechart/src/main/java/org/jfree/chart/block/EmptyBlock.java, org.jfree.chart.block,EmptyBlock,5
../jfreechart/src/main/java/org/jfree/chart/block/BlockBorder.java, org.jfree.chart.block,BlockBorder,5
../jfreechart/src/main/java/org/jfree/data/statistics/DefaultBoxAndWhiskerCategoryDataset.java, org.jfree.data.statistics,DefaultBoxAndWhiskerCategoryDataset<R,10
../jfreechart/src/main/java/org/jfree/data/statistics/SimpleHistogramDataset.java, org.jfree.data.statistics,SimpleHistogramDataset<K,8
../jfreechart/src/main/java/org/jfree/data/statistics/SimpleHistogramBin.java, org.jfree.data.statistics,SimpleHistogramBin,3
../jfreechart/src/main/java/org/jfree/data/statistics/HistogramDataset.java, org.jfree.data.statistics,HistogramDataset,5
../jfreechart/src/main/java/org/jfree/data/statistics/BoxAndWhiskerItem.java, org.jfree.data.statistics,BoxAndWhiskerItem,3
../jfreechart/src/main/java/org/jfree/data/statistics/Statistics.java, org.jfree.data.statistics,Statistics,3
../jfreechart/src/main/java/org/jfree/data/statistics/MeanAndStandardDeviation.java, org.jfree.data.statistics,MeanAndStandardDeviation,1
../jfreechart/src/main/java/org/jfree/data/statistics/BoxAndWhiskerCalculator.java, org.jfree.data.statistics,BoxAndWhiskerCalculator,7
../jfreechart/src/main/java/org/jfree/data/statistics/DefaultBoxAndWhiskerXYDataset.java, org.jfree.data.statistics,DefaultBoxAndWhiskerXYDataset<S,7
../jfreechart/src/main/java/org/jfree/data/statistics/HistogramBin.java, org.jfree.data.statistics,HistogramBin,2
../jfreechart/src/main/java/org/jfree/data/statistics/Regression.java, org.jfree.data.statistics,Regression,2
../jfreechart/src/main/java/org/jfree/data/statistics/DefaultMultiValueCategoryDataset.java, org.jfree.data.statistics,DefaultMultiValueCategoryDataset<R,6
../jfreechart/src/main/java/org/jfree/data/statistics/DefaultStatisticalCategoryDataset.java, org.jfree.data.statistics,DefaultStatisticalCategoryDataset<R,8
../jfreechart/src/main/java/org/jfree/data/KeyedValuesItemKey.java, org.jfree.data,KeyedValuesItemKey<K,3
../jfreechart/src/main/java/org/jfree/data/category/DefaultCategoryDataset.java, org.jfree.data.category,DefaultCategoryDataset<R,6
../jfreechart/src/main/java/org/jfree/data/category/DefaultIntervalCategoryDataset.java, org.jfree.data.category,DefaultIntervalCategoryDataset,6
../jfreechart/src/main/java/org/jfree/data/category/CategoryToPieDataset.java, org.jfree.data.category,CategoryToPieDataset,5
../jfreechart/src/main/java/org/jfree/data/category/SlidingCategoryDataset.java, org.jfree.data.category,SlidingCategoryDataset<R,5
../jfreechart/src/main/java/org/jfree/data/general/DefaultHeatMapDataset.java, org.jfree.data.general,DefaultHeatMapDataset,5
../jfreechart/src/main/java/org/jfree/data/general/DefaultValueDataset.java, org.jfree.data.general,DefaultValueDataset,4
../jfreechart/src/main/java/org/jfree/data/general/AbstractDataset.java, org.jfree.data.general,AbstractDataset,2
../jfreechart/src/main/java/org/jfree/data/general/Series.java, org.jfree.data.general,Series<K,4
../jfreechart/src/main/java/org/jfree/data/general/DefaultKeyedValueDataset.java, org.jfree.data.general,DefaultKeyedValueDataset,4
../jfreechart/src/main/java/org/jfree/data/general/DefaultKeyedValuesDataset.java, org.jfree.data.general,DefaultKeyedValuesDataset<K,3
../jfreechart/src/main/java/org/jfree/data/general/DefaultKeyedValues2DDataset.java, org.jfree.data.general,DefaultKeyedValues2DDataset<R,3
../jfreechart/src/main/java/org/jfree/data/general/DatasetUtils.java, org.jfree.data.general,DatasetUtils,9
../jfreechart/src/main/java/org/jfree/data/general/DatasetChangeEvent.java, org.jfree.data.general,DatasetChangeEvent,3
../jfreechart/src/main/java/org/jfree/data/general/WaferMapDataset.java, org.jfree.data.general,WaferMapDataset,5
../jfreechart/src/main/java/org/jfree/data/general/HeatMapUtils.java, org.jfree.data.general,HeatMapUtils,2
../jfreechart/src/main/java/org/jfree/data/general/AbstractSeriesDataset.java, org.jfree.data.general,AbstractSeriesDataset<S,4
../jfreechart/src/main/java/org/jfree/data/general/SeriesChangeEvent.java, org.jfree.data.general,SeriesChangeEvent,2
../jfreechart/src/main/java/org/jfree/data/general/SeriesException.java, org.jfree.data.general,SeriesException,2
../jfreechart/src/main/java/org/jfree/data/general/DefaultPieDataset.java, org.jfree.data.general,DefaultPieDataset<K,9
../jfreechart/src/main/java/org/jfree/data/resources/DataPackageResources_fr.java, org.jfree.data.resources,DataPackageResources_fr,3
../jfreechart/src/main/java/org/jfree/data/resources/DataPackageResources_es.java, org.jfree.data.resources,DataPackageResources_es,3
../jfreechart/src/main/java/org/jfree/data/resources/DataPackageResources.java, org.jfree.data.resources,DataPackageResources,2
../jfreechart/src/main/java/org/jfree/data/resources/DataPackageResources_ru.java, org.jfree.data.resources,DataPackageResources_ru,3
../jfreechart/src/main/java/org/jfree/data/resources/DataPackageResources_pl.java, org.jfree.data.resources,DataPackageResources_pl,3
../jfreechart/src/main/java/org/jfree/data/resources/DataPackageResources_de.java, org.jfree.data.resources,DataPackageResources_de,3
../jfreechart/src/main/java/org/jfree/data/KeyToGroupMap.java, org.jfree.data,KeyToGroupMap<K,3
../jfreechart/src/main/java/org/jfree/data/KeyedValues2DItemKey.java, org.jfree.data,KeyedValues2DItemKey<R,3
../jfreechart/src/main/java/org/jfree/data/io/CSV.java, org.jfree.data.io,CSV,1
../jfreechart/src/main/java/org/jfree/data/KeyedObjects2D.java, org.jfree.data,KeyedObjects2D<R,4
../jfreechart/src/main/java/org/jfree/data/DataUtils.java, org.jfree.data,DataUtils,5
../jfreechart/src/main/java/org/jfree/data/DefaultKeyedValues2D.java, org.jfree.data,DefaultKeyedValues2D<R,5
../jfreechart/src/main/java/org/jfree/data/function/NormalDistributionFunction2D.java, org.jfree.data.function,NormalDistributionFunction2D,2
../jfreechart/src/main/java/org/jfree/data/function/PowerFunction2D.java, org.jfree.data.function,PowerFunction2D,2
../jfreechart/src/main/java/org/jfree/data/function/LineFunction2D.java, org.jfree.data.function,LineFunction2D,2
../jfreechart/src/main/java/org/jfree/data/function/PolynomialFunction2D.java, org.jfree.data.function,PolynomialFunction2D,3
../jfreechart/src/main/java/org/jfree/data/KeyedObject.java, org.jfree.data,KeyedObject<K,2
../jfreechart/src/main/java/org/jfree/data/xml/PieDatasetHandler.java, org.jfree.data.xml,PieDatasetHandler,4
../jfreechart/src/main/java/org/jfree/data/xml/ItemHandler.java, org.jfree.data.xml,ItemHandler,7
../jfreechart/src/main/java/org/jfree/data/xml/DatasetReader.java, org.jfree.data.xml,DatasetReader,4
../jfreechart/src/main/java/org/jfree/data/xml/CategorySeriesHandler.java, org.jfree.data.xml,CategorySeriesHandler,5
../jfreechart/src/main/java/org/jfree/data/xml/KeyHandler.java, org.jfree.data.xml,KeyHandler,5
../jfreechart/src/main/java/org/jfree/data/xml/CategoryDatasetHandler.java, org.jfree.data.xml,CategoryDatasetHandler,4
../jfreechart/src/main/java/org/jfree/data/xml/RootHandler.java, org.jfree.data.xml,RootHandler,2
../jfreechart/src/main/java/org/jfree/data/xml/ValueHandler.java, org.jfree.data.xml,ValueHandler,4
../jfreechart/src/main/java/org/jfree/data/time/Millisecond.java, org.jfree.data.time,Millisecond,10
../jfreechart/src/main/java/org/jfree/data/time/TimeTableXYDataset.java, org.jfree.data.time,TimeTableXYDataset,6
../jfreechart/src/main/java/org/jfree/data/time/DateRange.java, org.jfree.data.time,DateRange,3
../jfreechart/src/main/java/org/jfree/data/time/Week.java, org.jfree.data.time,Week,8
../jfreechart/src/main/java/org/jfree/data/time/Minute.java, org.jfree.data.time,Minute,9
../jfreechart/src/main/java/org/jfree/data/time/TimeSeriesTableModel.java, org.jfree.data.time,TimeSeriesTableModel,4
../jfreechart/src/main/java/org/jfree/data/time/TimePeriodFormatException.java, org.jfree.data.time,TimePeriodFormatException,2
../jfreechart/src/main/java/org/jfree/data/time/FixedMillisecond.java, org.jfree.data.time,FixedMillisecond,5
../jfreechart/src/main/java/org/jfree/data/time/ohlc/OHLCItem.java, org.jfree.data.time.ohlc,OHLCItem,5
../jfreechart/src/main/java/org/jfree/data/time/ohlc/OHLC.java, org.jfree.data.time.ohlc,OHLC,3
../jfreechart/src/main/java/org/jfree/data/time/ohlc/OHLCSeries.java, org.jfree.data.time.ohlc,OHLCSeries<S,8
../jfreechart/src/main/java/org/jfree/data/time/ohlc/OHLCSeriesCollection.java, org.jfree.data.time.ohlc,OHLCSeriesCollection,10
../jfreechart/src/main/java/org/jfree/data/time/Day.java, org.jfree.data.time,Day,8
../jfreechart/src/main/java/org/jfree/data/time/TimeSeriesCollection.java, org.jfree.data.time,TimeSeriesCollection<S,10
../jfreechart/src/main/java/org/jfree/data/time/MovingAverage.java, org.jfree.data.time,MovingAverage,6
../jfreechart/src/main/java/org/jfree/data/time/TimePeriodValuesCollection.java, org.jfree.data.time,TimePeriodValuesCollection,7
../jfreechart/src/main/java/org/jfree/data/time/Year.java, org.jfree.data.time,Year,5
../jfreechart/src/main/java/org/jfree/data/time/TimeSeriesDataItem.java, org.jfree.data.time,TimeSeriesDataItem,13
../jfreechart/src/main/java/org/jfree/data/time/Quarter.java, org.jfree.data.time,Quarter,9
../jfreechart/src/main/java/org/jfree/data/time/SimpleTimePeriod.java, org.jfree.data.time,SimpleTimePeriod,1
../jfreechart/src/main/java/org/jfree/data/time/Hour.java, org.jfree.data.time,Hour,8
../jfreechart/src/main/java/org/jfree/data/time/TimeSeries.java, org.jfree.data.time,TimeSeries<S,12
../jfreechart/src/main/java/org/jfree/data/time/TimePeriodValue.java, org.jfree.data.time,TimePeriodValue,2
../jfreechart/src/main/java/org/jfree/data/time/Second.java, org.jfree.data.time,Second,11
../jfreechart/src/main/java/org/jfree/data/time/Month.java, org.jfree.data.time,Month,8
../jfreechart/src/main/java/org/jfree/data/time/TimePeriodValues.java, org.jfree.data.time,TimePeriodValues<S,6
../jfreechart/src/main/java/org/jfree/data/time/RegularTimePeriod.java, org.jfree.data.time,RegularTimePeriod,10
../jfreechart/src/main/java/org/jfree/data/gantt/TaskSeries.java, org.jfree.data.gantt,TaskSeries<K,7
../jfreechart/src/main/java/org/jfree/data/gantt/SlidingGanttCategoryDataset.java, org.jfree.data.gantt,SlidingGanttCategoryDataset,5
../jfreechart/src/main/java/org/jfree/data/gantt/TaskSeriesCollection.java, org.jfree.data.gantt,TaskSeriesCollection<R,8
../jfreechart/src/main/java/org/jfree/data/gantt/Task.java, org.jfree.data.gantt,Task,3
../jfreechart/src/main/java/org/jfree/data/gantt/XYTaskDataset.java, org.jfree.data.gantt,XYTaskDataset,9
../jfreechart/src/main/java/org/jfree/data/KeyedObjects.java, org.jfree.data,KeyedObjects<K,5
../jfreechart/src/main/java/org/jfree/data/DefaultKeyedValue.java, org.jfree.data,DefaultKeyedValue<K,4
../jfreechart/src/main/java/org/jfree/data/json/impl/JSONArray.java, org.jfree.data.json.impl,JSONArray,3
../jfreechart/src/main/java/org/jfree/data/json/impl/JSONValue.java, org.jfree.data.json.impl,JSONValue,3
../jfreechart/src/main/java/org/jfree/data/json/impl/JSONObject.java, org.jfree.data.json.impl,JSONObject,3
../jfreechart/src/main/java/org/jfree/data/json/JSONUtils.java, org.jfree.data.json,JSONUtils,3
../jfreechart/src/main/java/org/jfree/data/Range.java, org.jfree.data,Range,2
../jfreechart/src/main/java/org/jfree/data/DefaultKeyedValues.java, org.jfree.data,DefaultKeyedValues<K,7
../jfreechart/src/main/java/org/jfree/data/ComparableObjectSeries.java, org.jfree.data,ComparableObjectSeries<K,9
../jfreechart/src/main/java/org/jfree/data/KeyedValueComparator.java, org.jfree.data,KeyedValueComparator,2
../jfreechart/src/main/java/org/jfree/data/ComparableObjectItem.java, org.jfree.data,ComparableObjectItem,2
../jfreechart/src/main/java/org/jfree/data/UnknownKeyException.java, org.jfree.data,UnknownKeyException,2
../jfreechart/src/main/java/org/jfree/data/xy/XYIntervalDataItem.java, org.jfree.data.xy,XYIntervalDataItem,6
../jfreechart/src/main/java/org/jfree/data/xy/IntervalXYDelegate.java, org.jfree.data.xy,IntervalXYDelegate,6
../jfreechart/src/main/java/org/jfree/data/xy/XIntervalSeries.java, org.jfree.data.xy,XIntervalSeries<S,5
../jfreechart/src/main/java/org/jfree/data/xy/Vector.java, org.jfree.data.xy,Vector,1
../jfreechart/src/main/java/org/jfree/data/xy/XYInterval.java, org.jfree.data.xy,XYInterval,4
../jfreechart/src/main/java/org/jfree/data/xy/AbstractIntervalXYDataset.java, org.jfree.data.xy,AbstractIntervalXYDataset<S,3
../jfreechart/src/main/java/org/jfree/data/xy/DefaultIntervalXYDataset.java, org.jfree.data.xy,DefaultIntervalXYDataset<S,8
../jfreechart/src/main/java/org/jfree/data/xy/VectorSeries.java, org.jfree.data.xy,VectorSeries<S,6
../jfreechart/src/main/java/org/jfree/data/xy/MatrixSeriesCollection.java, org.jfree.data.xy,MatrixSeriesCollection<S,5
../jfreechart/src/main/java/org/jfree/data/xy/YIntervalSeriesCollection.java, org.jfree.data.xy,YIntervalSeriesCollection<S,9
../jfreechart/src/main/java/org/jfree/data/xy/XYIntervalSeries.java, org.jfree.data.xy,XYIntervalSeries<S,9
../jfreechart/src/main/java/org/jfree/data/xy/AbstractXYZDataset.java, org.jfree.data.xy,AbstractXYZDataset<S,3
../jfreechart/src/main/java/org/jfree/data/xy/XYSeriesCollection.java, org.jfree.data.xy,XYSeriesCollection<S,11
../jfreechart/src/main/java/org/jfree/data/xy/XYItemKey.java, org.jfree.data.xy,XYItemKey<S,3
../jfreechart/src/main/java/org/jfree/data/xy/DefaultXYDataset.java, org.jfree.data.xy,DefaultXYDataset<S,6
../jfreechart/src/main/java/org/jfree/data/xy/XYSeries.java, org.jfree.data.xy,XYSeries<K,8
../jfreechart/src/main/java/org/jfree/data/xy/XIntervalDataItem.java, org.jfree.data.xy,XIntervalDataItem,4
../jfreechart/src/main/java/org/jfree/data/xy/OHLCDataItem.java, org.jfree.data.xy,OHLCDataItem,4
../jfreechart/src/main/java/org/jfree/data/xy/DefaultWindDataset.java, org.jfree.data.xy,DefaultWindDataset,3
../jfreechart/src/main/java/org/jfree/data/xy/XYDataItem.java, org.jfree.data.xy,XYDataItem,2
../jfreechart/src/main/java/org/jfree/data/xy/XIntervalSeriesCollection.java, org.jfree.data.xy,XIntervalSeriesCollection<S,8
../jfreechart/src/main/java/org/jfree/data/xy/CategoryTableXYDataset.java, org.jfree.data.xy,CategoryTableXYDataset,6
../jfreechart/src/main/java/org/jfree/data/xy/XYBarDataset.java, org.jfree.data.xy,XYBarDataset<S,4
../jfreechart/src/main/java/org/jfree/data/xy/XYDatasetTableModel.java, org.jfree.data.xy,XYDatasetTableModel,6
../jfreechart/src/main/java/org/jfree/data/xy/DefaultOHLCDataset.java, org.jfree.data.xy,DefaultOHLCDataset,4
../jfreechart/src/main/java/org/jfree/data/xy/XYCoordinate.java, org.jfree.data.xy,XYCoordinate,1
../jfreechart/src/main/java/org/jfree/data/xy/YIntervalDataItem.java, org.jfree.data.xy,YIntervalDataItem,4
../jfreechart/src/main/java/org/jfree/data/xy/VectorSeriesCollection.java, org.jfree.data.xy,VectorSeriesCollection<S,10
../jfreechart/src/main/java/org/jfree/data/xy/DefaultXYZDataset.java, org.jfree.data.xy,DefaultXYZDataset<S,6
../jfreechart/src/main/java/org/jfree/data/xy/VectorDataItem.java, org.jfree.data.xy,VectorDataItem,5
../jfreechart/src/main/java/org/jfree/data/xy/NormalizedMatrixSeries.java, org.jfree.data.xy,NormalizedMatrixSeries,2
../jfreechart/src/main/java/org/jfree/data/xy/MatrixSeries.java, org.jfree.data.xy,MatrixSeries<K,4
../jfreechart/src/main/java/org/jfree/data/xy/YInterval.java, org.jfree.data.xy,YInterval,2
../jfreechart/src/main/java/org/jfree/data/xy/YIntervalSeries.java, org.jfree.data.xy,YIntervalSeries<S,6
../jfreechart/src/main/java/org/jfree/data/xy/DefaultHighLowDataset.java, org.jfree.data.xy,DefaultHighLowDataset,5
../jfreechart/src/main/java/org/jfree/data/xy/DefaultTableXYDataset.java, org.jfree.data.xy,DefaultTableXYDataset<S,10
../jfreechart/src/main/java/org/jfree/data/xy/XYIntervalSeriesCollection.java, org.jfree.data.xy,XYIntervalSeriesCollection<S,12
../jfreechart/src/main/java/org/jfree/data/xy/AbstractXYDataset.java, org.jfree.data.xy,AbstractXYDataset<S,3
../jfreechart/src/main/java/org/jfree/data/xy/YWithXInterval.java, org.jfree.data.xy,YWithXInterval,2
../jfreechart/src/main/java/org/jfree/data/flow/FlowDatasetUtils.java, org.jfree.data.flow,FlowDatasetUtils,7
../jfreechart/src/main/java/org/jfree/data/flow/NodeKey.java, org.jfree.data.flow,NodeKey,3
../jfreechart/src/main/java/org/jfree/data/flow/FlowKey.java, org.jfree.data.flow,FlowKey<K,3
../jfreechart/src/main/java/org/jfree/data/flow/DefaultFlowDataset.java, org.jfree.data.flow,DefaultFlowDataset<K,8
