../jfreechart/src/test/java/org/jfree/chart/StandardChartThemeTest.java, org.jfree.chart,StandardChartThemeTest,13
../jfreechart/src/test/java/org/jfree/chart/legend/LegendGraphicTest.java, org.jfree.chart.legend,LegendGraphicTest,5
../jfreechart/src/test/java/org/jfree/chart/legend/LegendTitleTest.java, org.jfree.chart.legend,LegendTitleTest,9
../jfreechart/src/test/java/org/jfree/chart/legend/PaintScaleLegendTest.java, org.jfree.chart.legend,PaintScaleLegendTest,8
../jfreechart/src/test/java/org/jfree/chart/ChartRenderingInfoTest.java, org.jfree.chart,ChartRenderingInfoTest,7
../jfreechart/src/test/java/org/jfree/chart/imagemap/DynamicDriveToolTipTagFragmentGeneratorTest.java, org.jfree.chart.imagemap,DynamicDriveToolTipTagFragmentGeneratorTest,3
../jfreechart/src/test/java/org/jfree/chart/imagemap/StandardURLTagFragmentGeneratorTest.java, org.jfree.chart.imagemap,StandardURLTagFragmentGeneratorTest,2
../jfreechart/src/test/java/org/jfree/chart/imagemap/ImageMapUtilsTest.java, org.jfree.chart.imagemap,ImageMapUtilsTest,8
../jfreechart/src/test/java/org/jfree/chart/imagemap/OverLIBToolTipTagFragmentGeneratorTest.java, org.jfree.chart.imagemap,OverLIBToolTipTagFragmentGeneratorTest,2
../jfreechart/src/test/java/org/jfree/chart/imagemap/StandardToolTipTagFragmentGeneratorTest.java, org.jfree.chart.imagemap,StandardToolTipTagFragmentGeneratorTest,2
../jfreechart/src/test/java/org/jfree/chart/renderer/RendererUtilsTest.java, org.jfree.chart.renderer,RendererUtilsTest,4
../jfreechart/src/test/java/org/jfree/chart/renderer/RendererChangeDetector.java, org.jfree.chart.renderer,RendererChangeDetector,2
../jfreechart/src/test/java/org/jfree/chart/renderer/category/GanttRendererTest.java, org.jfree.chart.renderer.category,GanttRendererTest,3
../jfreechart/src/test/java/org/jfree/chart/renderer/category/IntervalBarRendererTest.java, org.jfree.chart.renderer.category,IntervalBarRendererTest,12
../jfreechart/src/test/java/org/jfree/chart/renderer/category/StandardBarPainterTest.java, org.jfree.chart.renderer.category,StandardBarPainterTest,3
../jfreechart/src/test/java/org/jfree/chart/renderer/category/LayeredBarRendererTest.java, org.jfree.chart.renderer.category,LayeredBarRendererTest,10
../jfreechart/src/test/java/org/jfree/chart/renderer/category/WaterfallBarRendererTest.java, org.jfree.chart.renderer.category,WaterfallBarRendererTest,7
../jfreechart/src/test/java/org/jfree/chart/renderer/category/ScatterRendererTest.java, org.jfree.chart.renderer.category,ScatterRendererTest,5
../jfreechart/src/test/java/org/jfree/chart/renderer/category/GroupedStackedBarRendererTest.java, org.jfree.chart.renderer.category,GroupedStackedBarRendererTest,12
../jfreechart/src/test/java/org/jfree/chart/renderer/category/StatisticalLineAndShapeRendererTest.java, org.jfree.chart.renderer.category,StatisticalLineAndShapeRendererTest,11
../jfreechart/src/test/java/org/jfree/chart/renderer/category/StatisticalBarRendererTest.java, org.jfree.chart.renderer.category,StatisticalBarRendererTest,11
../jfreechart/src/test/java/org/jfree/chart/renderer/category/StackedBarRendererTest.java, org.jfree.chart.renderer.category,StackedBarRendererTest,7
../jfreechart/src/test/java/org/jfree/chart/renderer/category/BoxAndWhiskerRendererTest.java, org.jfree.chart.renderer.category,BoxAndWhiskerRendererTest,12
../jfreechart/src/test/java/org/jfree/chart/renderer/category/MinMaxCategoryRendererTest.java, org.jfree.chart.renderer.category,MinMaxCategoryRendererTest,8
../jfreechart/src/test/java/org/jfree/chart/renderer/category/AreaRendererTest.java, org.jfree.chart.renderer.category,AreaRendererTest,9
../jfreechart/src/test/java/org/jfree/chart/renderer/category/GradientBarPainterTest.java, org.jfree.chart.renderer.category,GradientBarPainterTest,3
../jfreechart/src/test/java/org/jfree/chart/renderer/category/CategoryStepRendererTest.java, org.jfree.chart.renderer.category,CategoryStepRendererTest,9
../jfreechart/src/test/java/org/jfree/chart/renderer/category/StackedAreaRendererTest.java, org.jfree.chart.renderer.category,StackedAreaRendererTest,7
../jfreechart/src/test/java/org/jfree/chart/renderer/category/DefaultCategoryItemRendererTest.java, org.jfree.chart.renderer.category,DefaultCategoryItemRendererTest,4
../jfreechart/src/test/java/org/jfree/chart/renderer/category/LevelRendererTest.java, org.jfree.chart.renderer.category,LevelRendererTest,9
../jfreechart/src/test/java/org/jfree/chart/renderer/category/LineAndShapeRendererTest.java, org.jfree.chart.renderer.category,LineAndShapeRendererTest,10
../jfreechart/src/test/java/org/jfree/chart/renderer/category/BarRendererTest.java, org.jfree.chart.renderer.category,BarRendererTest,14
../jfreechart/src/test/java/org/jfree/chart/renderer/category/AbstractCategoryItemRendererTest.java, org.jfree.chart.renderer.category,AbstractCategoryItemRendererTest,13
../jfreechart/src/test/java/org/jfree/chart/renderer/DefaultPolarItemRendererTest.java, org.jfree.chart.renderer,DefaultPolarItemRendererTest,4
../jfreechart/src/test/java/org/jfree/chart/renderer/LookupPaintScaleTest.java, org.jfree.chart.renderer,LookupPaintScaleTest,4
../jfreechart/src/test/java/org/jfree/chart/renderer/AreaRendererEndTypeTest.java, org.jfree.chart.renderer,AreaRendererEndTypeTest,3
../jfreechart/src/test/java/org/jfree/chart/renderer/OutlierTest.java, org.jfree.chart.renderer,OutlierTest,2
../jfreechart/src/test/java/org/jfree/chart/renderer/xy/ClusteredXYBarRendererTest.java, org.jfree.chart.renderer.xy,ClusteredXYBarRendererTest,11
../jfreechart/src/test/java/org/jfree/chart/renderer/xy/AbstractXYItemRendererTest.java, org.jfree.chart.renderer.xy,AbstractXYItemRendererTest,12
../jfreechart/src/test/java/org/jfree/chart/renderer/xy/XYSplineRendererTest.java, org.jfree.chart.renderer.xy,XYSplineRendererTest,5
../jfreechart/src/test/java/org/jfree/chart/renderer/xy/XYStepAreaRendererTest.java, org.jfree.chart.renderer.xy,XYStepAreaRendererTest,12
../jfreechart/src/test/java/org/jfree/chart/renderer/xy/WindItemRendererTest.java, org.jfree.chart.renderer.xy,WindItemRendererTest,3
../jfreechart/src/test/java/org/jfree/chart/renderer/xy/StackedXYBarRendererTest.java, org.jfree.chart.renderer.xy,StackedXYBarRendererTest,14
../jfreechart/src/test/java/org/jfree/chart/renderer/xy/DeviationRendererTest.java, org.jfree.chart.renderer.xy,DeviationRendererTest,3
../jfreechart/src/test/java/org/jfree/chart/renderer/xy/XYBubbleRendererTest.java, org.jfree.chart.renderer.xy,XYBubbleRendererTest,10
../jfreechart/src/test/java/org/jfree/chart/renderer/xy/XYStepRendererTest.java, org.jfree.chart.renderer.xy,XYStepRendererTest,9
../jfreechart/src/test/java/org/jfree/chart/renderer/xy/HighLowRendererTest.java, org.jfree.chart.renderer.xy,HighLowRendererTest,9
../jfreechart/src/test/java/org/jfree/chart/renderer/xy/XYAreaRendererTest.java, org.jfree.chart.renderer.xy,XYAreaRendererTest,14
../jfreechart/src/test/java/org/jfree/chart/renderer/xy/StandardXYItemRendererTest.java, org.jfree.chart.renderer.xy,StandardXYItemRendererTest,15
../jfreechart/src/test/java/org/jfree/chart/renderer/xy/StandardXYBarPainterTest.java, org.jfree.chart.renderer.xy,StandardXYBarPainterTest,3
../jfreechart/src/test/java/org/jfree/chart/renderer/xy/GradientXYBarPainterTest.java, org.jfree.chart.renderer.xy,GradientXYBarPainterTest,3
../jfreechart/src/test/java/org/jfree/chart/renderer/xy/StackedXYAreaRendererTest.java, org.jfree.chart.renderer.xy,StackedXYAreaRendererTest,16
../jfreechart/src/test/java/org/jfree/chart/renderer/xy/XYBlockRendererTest.java, org.jfree.chart.renderer.xy,XYBlockRendererTest,9
../jfreechart/src/test/java/org/jfree/chart/renderer/xy/XYErrorRendererTest.java, org.jfree.chart.renderer.xy,XYErrorRendererTest,5
../jfreechart/src/test/java/org/jfree/chart/renderer/xy/XYBoxAndWhiskerRendererTest.java, org.jfree.chart.renderer.xy,XYBoxAndWhiskerRendererTest,10
../jfreechart/src/test/java/org/jfree/chart/renderer/xy/YIntervalRendererTest.java, org.jfree.chart.renderer.xy,YIntervalRendererTest,20
../jfreechart/src/test/java/org/jfree/chart/renderer/xy/StackedXYAreaRenderer2Test.java, org.jfree.chart.renderer.xy,StackedXYAreaRenderer2Test,16
../jfreechart/src/test/java/org/jfree/chart/renderer/xy/CandlestickRendererTest.java, org.jfree.chart.renderer.xy,CandlestickRendererTest,9
../jfreechart/src/test/java/org/jfree/chart/renderer/xy/VectorRendererTest.java, org.jfree.chart.renderer.xy,VectorRendererTest,4
../jfreechart/src/test/java/org/jfree/chart/renderer/xy/RendererXYPackageUtils.java, org.jfree.chart.renderer.xy,RendererXYPackageUtils,3
../jfreechart/src/test/java/org/jfree/chart/renderer/xy/XYDotRendererTest.java, org.jfree.chart.renderer.xy,XYDotRendererTest,10
../jfreechart/src/test/java/org/jfree/chart/renderer/xy/XYBarRendererTest.java, org.jfree.chart.renderer.xy,XYBarRendererTest,25
../jfreechart/src/test/java/org/jfree/chart/renderer/xy/XYAreaRenderer2Test.java, org.jfree.chart.renderer.xy,XYAreaRenderer2Test,12
../jfreechart/src/test/java/org/jfree/chart/renderer/xy/XYLineAndShapeRendererTest.java, org.jfree.chart.renderer.xy,XYLineAndShapeRendererTest,16
../jfreechart/src/test/java/org/jfree/chart/renderer/xy/XYShapeRendererTest.java, org.jfree.chart.renderer.xy,XYShapeRendererTest,8
../jfreechart/src/test/java/org/jfree/chart/renderer/xy/XYDifferenceRendererTest.java, org.jfree.chart.renderer.xy,XYDifferenceRendererTest,10
../jfreechart/src/test/java/org/jfree/chart/renderer/xy/DeviationStepRendererTest.java, org.jfree.chart.renderer.xy,DeviationStepRendererTest,3
../jfreechart/src/test/java/org/jfree/chart/renderer/GrayPaintScaleTest.java, org.jfree.chart.renderer,GrayPaintScaleTest,4
../jfreechart/src/test/java/org/jfree/chart/TestUtils.java, org.jfree.chart,TestUtils,2
../jfreechart/src/test/java/org/jfree/chart/plot/PlotRenderingInfoTest.java, org.jfree.chart.plot,PlotRenderingInfoTest,6
../jfreechart/src/test/java/org/jfree/chart/plot/CombinedRangeXYPlotTest.java, org.jfree.chart.plot,CombinedRangeXYPlotTest,16
../jfreechart/src/test/java/org/jfree/chart/plot/MeterIntervalTest.java, org.jfree.chart.plot,MeterIntervalTest,4
../jfreechart/src/test/java/org/jfree/chart/plot/CombinedDomainXYPlotTest.java, org.jfree.chart.plot,CombinedDomainXYPlotTest,16
../jfreechart/src/test/java/org/jfree/chart/plot/MarkerTest.java, org.jfree.chart.plot,MarkerTest,9
../jfreechart/src/test/java/org/jfree/chart/plot/CategoryMarkerTest.java, org.jfree.chart.plot,CategoryMarkerTest,7
../jfreechart/src/test/java/org/jfree/chart/plot/ThermometerPlotTest.java, org.jfree.chart.plot,ThermometerPlotTest,8
../jfreechart/src/test/java/org/jfree/chart/plot/PlotOrientationTest.java, org.jfree.chart.plot,PlotOrientationTest,3
../jfreechart/src/test/java/org/jfree/chart/plot/MeterPlotTest.java, org.jfree.chart.plot,MeterPlotTest,11
../jfreechart/src/test/java/org/jfree/chart/plot/SpiderWebPlotTest.java, org.jfree.chart.plot,SpiderWebPlotTest,12
../jfreechart/src/test/java/org/jfree/chart/plot/dial/MyDialLayerChangeListener.java, org.jfree.chart.plot.dial,MyDialLayerChangeListener,2
../jfreechart/src/test/java/org/jfree/chart/plot/dial/StandardDialFrameTest.java, org.jfree.chart.plot.dial,StandardDialFrameTest,5
../jfreechart/src/test/java/org/jfree/chart/plot/dial/AbstractDialLayerTest.java, org.jfree.chart.plot.dial,AbstractDialLayerTest,6
../jfreechart/src/test/java/org/jfree/chart/plot/dial/DialPointerTest.java, org.jfree.chart.plot.dial,DialPointerTest,5
../jfreechart/src/test/java/org/jfree/chart/plot/dial/StandardDialRangeTest.java, org.jfree.chart.plot.dial,StandardDialRangeTest,7
../jfreechart/src/test/java/org/jfree/chart/plot/dial/DialTextAnnotationTest.java, org.jfree.chart.plot.dial,DialTextAnnotationTest,7
../jfreechart/src/test/java/org/jfree/chart/plot/dial/DialPlotTest.java, org.jfree.chart.plot.dial,DialPlotTest,12
../jfreechart/src/test/java/org/jfree/chart/plot/dial/ArcDialFrameTest.java, org.jfree.chart.plot.dial,ArcDialFrameTest,5
../jfreechart/src/test/java/org/jfree/chart/plot/dial/DialCapTest.java, org.jfree.chart.plot.dial,DialCapTest,5
../jfreechart/src/test/java/org/jfree/chart/plot/dial/DialValueIndicatorTest.java, org.jfree.chart.plot.dial,DialValueIndicatorTest,6
../jfreechart/src/test/java/org/jfree/chart/plot/dial/DialBackgroundTest.java, org.jfree.chart.plot.dial,DialBackgroundTest,6
../jfreechart/src/test/java/org/jfree/chart/plot/dial/StandardDialScaleTest.java, org.jfree.chart.plot.dial,StandardDialScaleTest,6
../jfreechart/src/test/java/org/jfree/chart/plot/pie/PieLabelRecordTest.java, org.jfree.chart.plot.pie,PieLabelRecordTest,4
../jfreechart/src/test/java/org/jfree/chart/plot/pie/MultiplePiePlotTest.java, org.jfree.chart.plot.pie,MultiplePiePlotTest,12
../jfreechart/src/test/java/org/jfree/chart/plot/DefaultDrawingSupplierTest.java, org.jfree.chart.plot,DefaultDrawingSupplierTest,4
../jfreechart/src/test/java/org/jfree/chart/plot/ValueMarkerTest.java, org.jfree.chart.plot,ValueMarkerTest,8
../jfreechart/src/test/java/org/jfree/chart/plot/FastScatterPlotTest.java, org.jfree.chart.plot,FastScatterPlotTest,11
../jfreechart/src/test/java/org/jfree/chart/plot/CrosshairTest.java, org.jfree.chart.plot,CrosshairTest,4
../jfreechart/src/test/java/org/jfree/chart/plot/CombinedRangeCategoryPlotTest.java, org.jfree.chart.plot,CombinedRangeCategoryPlotTest,16
../jfreechart/src/test/java/org/jfree/chart/plot/PolarPlotTest.java, org.jfree.chart.plot,PolarPlotTest,20
../jfreechart/src/test/java/org/jfree/chart/plot/PlotTest.java, org.jfree.chart.plot,PlotTest,4
../jfreechart/src/test/java/org/jfree/chart/plot/compass/LineNeedleTest.java, org.jfree.chart.plot.compass,LineNeedleTest,4
../jfreechart/src/test/java/org/jfree/chart/plot/compass/WindNeedleTest.java, org.jfree.chart.plot.compass,WindNeedleTest,4
../jfreechart/src/test/java/org/jfree/chart/plot/compass/CompassPlotTest.java, org.jfree.chart.plot.compass,CompassPlotTest,7
../jfreechart/src/test/java/org/jfree/chart/plot/compass/PointerNeedleTest.java, org.jfree.chart.plot.compass,PointerNeedleTest,4
../jfreechart/src/test/java/org/jfree/chart/plot/compass/PlumNeedleTest.java, org.jfree.chart.plot.compass,PlumNeedleTest,4
../jfreechart/src/test/java/org/jfree/chart/plot/compass/ShipNeedleTest.java, org.jfree.chart.plot.compass,ShipNeedleTest,4
../jfreechart/src/test/java/org/jfree/chart/plot/compass/LongNeedleTest.java, org.jfree.chart.plot.compass,LongNeedleTest,4
../jfreechart/src/test/java/org/jfree/chart/plot/compass/MeterNeedleTest.java, org.jfree.chart.plot.compass,MeterNeedleTest,3
../jfreechart/src/test/java/org/jfree/chart/plot/compass/ArrowNeedleTest.java, org.jfree.chart.plot.compass,ArrowNeedleTest,4
../jfreechart/src/test/java/org/jfree/chart/plot/compass/PinNeedleTest.java, org.jfree.chart.plot.compass,PinNeedleTest,4
../jfreechart/src/test/java/org/jfree/chart/plot/compass/MiddlePinNeedleTest.java, org.jfree.chart.plot.compass,MiddlePinNeedleTest,6
../jfreechart/src/test/java/org/jfree/chart/plot/RingPlotTest.java, org.jfree.chart.plot,RingPlotTest,6
../jfreechart/src/test/java/org/jfree/chart/plot/CategoryPlotTest.java, org.jfree.chart.plot,CategoryPlotTest,30
../jfreechart/src/test/java/org/jfree/chart/plot/IntervalMarkerTest.java, org.jfree.chart.plot,IntervalMarkerTest,8
../jfreechart/src/test/java/org/jfree/chart/plot/CombinedDomainCategoryPlotTest.java, org.jfree.chart.plot,CombinedDomainCategoryPlotTest,19
../jfreechart/src/test/java/org/jfree/chart/plot/XYPlotTest.java, org.jfree.chart.plot,XYPlotTest,38
../jfreechart/src/test/java/org/jfree/chart/plot/MyPlotChangeListener.java, org.jfree.chart.plot,MyPlotChangeListener,3
../jfreechart/src/test/java/org/jfree/chart/plot/flow/FlowPlotTest.java, org.jfree.chart.plot.flow,FlowPlotTest,8
../jfreechart/src/test/java/org/jfree/chart/title/TextTitleTest.java, org.jfree.chart.title,TextTitleTest,6
../jfreechart/src/test/java/org/jfree/chart/title/CompositeTitleTest.java, org.jfree.chart.title,CompositeTitleTest,10
../jfreechart/src/test/java/org/jfree/chart/title/ShortTextTitleTest.java, org.jfree.chart.title,ShortTextTitleTest,8
../jfreechart/src/test/java/org/jfree/chart/title/ImageTitleTest.java, org.jfree.chart.title,ImageTitleTest,5
../jfreechart/src/test/java/org/jfree/chart/title/DateTitleTest.java, org.jfree.chart.title,DateTitleTest,6
../jfreechart/src/test/java/org/jfree/chart/title/TitleTest.java, org.jfree.chart.title,TitleTest,3
../jfreechart/src/test/java/org/jfree/chart/LegendItemTest.java, org.jfree.chart,LegendItemTest,5
../jfreechart/src/test/java/org/jfree/chart/entity/PieSectionEntityTest.java, org.jfree.chart.entity,PieSectionEntityTest,3
../jfreechart/src/test/java/org/jfree/chart/entity/CategoryItemEntityTest.java, org.jfree.chart.entity,CategoryItemEntityTest,3
../jfreechart/src/test/java/org/jfree/chart/entity/StandardEntityCollectionTest.java, org.jfree.chart.entity,StandardEntityCollectionTest,4
../jfreechart/src/test/java/org/jfree/chart/entity/TickLabelEntityTest.java, org.jfree.chart.entity,TickLabelEntityTest,5
../jfreechart/src/test/java/org/jfree/chart/entity/CategoryLabelEntityTest.java, org.jfree.chart.entity,CategoryLabelEntityTest,3
../jfreechart/src/test/java/org/jfree/chart/entity/LegendItemEntityTest.java, org.jfree.chart.entity,LegendItemEntityTest,5
../jfreechart/src/test/java/org/jfree/chart/entity/XYItemEntityTest.java, org.jfree.chart.entity,XYItemEntityTest,5
../jfreechart/src/test/java/org/jfree/chart/entity/FlowEntityTest.java, org.jfree.chart.entity,FlowEntityTest,3
../jfreechart/src/test/java/org/jfree/chart/LegendItemCollectionTest.java, org.jfree.chart,LegendItemCollectionTest,5
../jfreechart/src/test/java/org/jfree/chart/swing/CrosshairOverlayTest.java, org.jfree.chart.swing,CrosshairOverlayTest,6
../jfreechart/src/test/java/org/jfree/chart/swing/ChartPanelTest.java, org.jfree.chart.swing,ChartPanelTest,11
../jfreechart/src/test/java/org/jfree/chart/labels/StandardCategorySeriesLabelGeneratorTest.java, org.jfree.chart.labels,StandardCategorySeriesLabelGeneratorTest,4
../jfreechart/src/test/java/org/jfree/chart/labels/ItemLabelPositionTest.java, org.jfree.chart.labels,ItemLabelPositionTest,3
../jfreechart/src/test/java/org/jfree/chart/labels/StandardXYZToolTipGeneratorTest.java, org.jfree.chart.labels,StandardXYZToolTipGeneratorTest,4
../jfreechart/src/test/java/org/jfree/chart/labels/StandardFlowLabelGeneratorTest.java, org.jfree.chart.labels,StandardFlowLabelGeneratorTest,3
../jfreechart/src/test/java/org/jfree/chart/labels/StandardPieSectionLabelGeneratorTest.java, org.jfree.chart.labels,StandardPieSectionLabelGeneratorTest,4
../jfreechart/src/test/java/org/jfree/chart/labels/CustomXYItemLabelGeneratorTest.java, org.jfree.chart.labels,CustomXYItemLabelGeneratorTest,4
../jfreechart/src/test/java/org/jfree/chart/labels/StandardCategoryItemLabelGeneratorTest.java, org.jfree.chart.labels,StandardCategoryItemLabelGeneratorTest,5
../jfreechart/src/test/java/org/jfree/chart/labels/IntervalCategoryItemLabelGeneratorTest.java, org.jfree.chart.labels,IntervalCategoryItemLabelGeneratorTest,3
../jfreechart/src/test/java/org/jfree/chart/labels/IntervalCategoryToolTipGeneratorTest.java, org.jfree.chart.labels,IntervalCategoryToolTipGeneratorTest,5
../jfreechart/src/test/java/org/jfree/chart/labels/BubbleXYItemLabelGeneratorTest.java, org.jfree.chart.labels,BubbleXYItemLabelGeneratorTest,5
../jfreechart/src/test/java/org/jfree/chart/labels/BoxAndWhiskerToolTipGeneratorTest.java, org.jfree.chart.labels,BoxAndWhiskerToolTipGeneratorTest,4
../jfreechart/src/test/java/org/jfree/chart/labels/StandardXYItemLabelGeneratorTest.java, org.jfree.chart.labels,StandardXYItemLabelGeneratorTest,4
../jfreechart/src/test/java/org/jfree/chart/labels/StandardCategoryToolTipGeneratorTest.java, org.jfree.chart.labels,StandardCategoryToolTipGeneratorTest,5
../jfreechart/src/test/java/org/jfree/chart/labels/MultipleXYSeriesLabelGeneratorTest.java, org.jfree.chart.labels,MultipleXYSeriesLabelGeneratorTest,4
../jfreechart/src/test/java/org/jfree/chart/labels/ItemLabelAnchorTest.java, org.jfree.chart.labels,ItemLabelAnchorTest,2
../jfreechart/src/test/java/org/jfree/chart/labels/StandardPieToolTipGeneratorTest.java, org.jfree.chart.labels,StandardPieToolTipGeneratorTest,4
../jfreechart/src/test/java/org/jfree/chart/labels/SymbolicXYItemLabelGeneratorTest.java, org.jfree.chart.labels,SymbolicXYItemLabelGeneratorTest,4
../jfreechart/src/test/java/org/jfree/chart/labels/StandardXYToolTipGeneratorTest.java, org.jfree.chart.labels,StandardXYToolTipGeneratorTest,4
../jfreechart/src/test/java/org/jfree/chart/labels/StandardXYSeriesLabelGeneratorTest.java, org.jfree.chart.labels,StandardXYSeriesLabelGeneratorTest,5
../jfreechart/src/test/java/org/jfree/chart/labels/BoxAndWhiskerXYToolTipGeneratorTest.java, org.jfree.chart.labels,BoxAndWhiskerXYToolTipGeneratorTest,3
../jfreechart/src/test/java/org/jfree/chart/labels/HighLowItemLabelGeneratorTest.java, org.jfree.chart.labels,HighLowItemLabelGeneratorTest,4
../jfreechart/src/test/java/org/jfree/chart/internal/LineUtilsTest.java, org.jfree.chart.internal,LineUtilsTest,2
../jfreechart/src/test/java/org/jfree/chart/internal/ArgsTest.java, org.jfree.chart.internal,ArgsTest,3
../jfreechart/src/test/java/org/jfree/chart/internal/CloneUtilsTest.java, org.jfree.chart.internal,CloneUtilsTest,2
../jfreechart/src/test/java/org/jfree/chart/internal/HashUtilsTest.java, org.jfree.chart.internal,HashUtilsTest,2
../jfreechart/src/test/java/org/jfree/chart/internal/ShapeUtilsTest.java, org.jfree.chart.internal,ShapeUtilsTest,3
../jfreechart/src/test/java/org/jfree/chart/annotations/XYShapeAnnotationTest.java, org.jfree.chart.annotations,XYShapeAnnotationTest,3
../jfreechart/src/test/java/org/jfree/chart/annotations/CategoryLineAnnotationTest.java, org.jfree.chart.annotations,CategoryLineAnnotationTest,3
../jfreechart/src/test/java/org/jfree/chart/annotations/XYBoxAnnotationTest.java, org.jfree.chart.annotations,XYBoxAnnotationTest,11
../jfreechart/src/test/java/org/jfree/chart/annotations/XYPointerAnnotationTest.java, org.jfree.chart.annotations,XYPointerAnnotationTest,3
../jfreechart/src/test/java/org/jfree/chart/annotations/CategoryTextAnnotationTest.java, org.jfree.chart.annotations,CategoryTextAnnotationTest,5
../jfreechart/src/test/java/org/jfree/chart/annotations/XYImageAnnotationTest.java, org.jfree.chart.annotations,XYImageAnnotationTest,2
../jfreechart/src/test/java/org/jfree/chart/annotations/XYTitleAnnotationTest.java, org.jfree.chart.annotations,XYTitleAnnotationTest,13
../jfreechart/src/test/java/org/jfree/chart/annotations/XYPolygonAnnotationTest.java, org.jfree.chart.annotations,XYPolygonAnnotationTest,3
../jfreechart/src/test/java/org/jfree/chart/annotations/CategoryPointerAnnotationTest.java, org.jfree.chart.annotations,CategoryPointerAnnotationTest,3
../jfreechart/src/test/java/org/jfree/chart/annotations/TextAnnotationTest.java, org.jfree.chart.annotations,TextAnnotationTest,4
../jfreechart/src/test/java/org/jfree/chart/annotations/XYTextAnnotationTest.java, org.jfree.chart.annotations,XYTextAnnotationTest,5
../jfreechart/src/test/java/org/jfree/chart/annotations/XYLineAnnotationTest.java, org.jfree.chart.annotations,XYLineAnnotationTest,3
../jfreechart/src/test/java/org/jfree/chart/WaterfallChartTest.java, org.jfree.chart,WaterfallChartTest,7
../jfreechart/src/test/java/org/jfree/chart/urls/StandardCategoryURLGeneratorTest.java, org.jfree.chart.urls,StandardCategoryURLGeneratorTest,3
../jfreechart/src/test/java/org/jfree/chart/urls/CustomPieURLGeneratorTest.java, org.jfree.chart.urls,CustomPieURLGeneratorTest,4
../jfreechart/src/test/java/org/jfree/chart/urls/CustomCategoryURLGeneratorTest.java, org.jfree.chart.urls,CustomCategoryURLGeneratorTest,4
../jfreechart/src/test/java/org/jfree/chart/urls/StandardXYURLGeneratorTest.java, org.jfree.chart.urls,StandardXYURLGeneratorTest,3
../jfreechart/src/test/java/org/jfree/chart/urls/TimeSeriesURLGeneratorTest.java, org.jfree.chart.urls,TimeSeriesURLGeneratorTest,4
../jfreechart/src/test/java/org/jfree/chart/urls/CustomXYURLGeneratorTest.java, org.jfree.chart.urls,CustomXYURLGeneratorTest,4
../jfreechart/src/test/java/org/jfree/chart/urls/StandardPieURLGeneratorTest.java, org.jfree.chart.urls,StandardPieURLGeneratorTest,3
../jfreechart/src/test/java/org/jfree/chart/axis/AxisTest.java, org.jfree.chart.axis,AxisTest,6
../jfreechart/src/test/java/org/jfree/chart/axis/QuarterDateFormatTest.java, org.jfree.chart.axis,QuarterDateFormatTest,4
../jfreechart/src/test/java/org/jfree/chart/axis/CategoryTickTest.java, org.jfree.chart.axis,CategoryTickTest,6
../jfreechart/src/test/java/org/jfree/chart/axis/MonthDateFormatTest.java, org.jfree.chart.axis,MonthDateFormatTest,5
../jfreechart/src/test/java/org/jfree/chart/axis/CategoryAnchorTest.java, org.jfree.chart.axis,CategoryAnchorTest,2
../jfreechart/src/test/java/org/jfree/chart/axis/CategoryAxisTest.java, org.jfree.chart.axis,CategoryAxisTest,8
../jfreechart/src/test/java/org/jfree/chart/axis/SymbolAxisTest.java, org.jfree.chart.axis,SymbolAxisTest,6
../jfreechart/src/test/java/org/jfree/chart/axis/PeriodAxisLabelInfoTest.java, org.jfree.chart.axis,PeriodAxisLabelInfoTest,9
../jfreechart/src/test/java/org/jfree/chart/axis/CyclicNumberAxisTest.java, org.jfree.chart.axis,CyclicNumberAxisTest,6
../jfreechart/src/test/java/org/jfree/chart/axis/MarkerAxisBandTest.java, org.jfree.chart.axis,MarkerAxisBandTest,5
../jfreechart/src/test/java/org/jfree/chart/axis/DateTickMarkPositionTest.java, org.jfree.chart.axis,DateTickMarkPositionTest,4
../jfreechart/src/test/java/org/jfree/chart/axis/NumberAxisTest.java, org.jfree.chart.axis,NumberAxisTest,15
../jfreechart/src/test/java/org/jfree/chart/axis/TickUnitsTest.java, org.jfree.chart.axis,TickUnitsTest,8
../jfreechart/src/test/java/org/jfree/chart/axis/NumberTickUnitTest.java, org.jfree.chart.axis,NumberTickUnitTest,6
../jfreechart/src/test/java/org/jfree/chart/axis/DateTickUnitTest.java, org.jfree.chart.axis,DateTickUnitTest,6
../jfreechart/src/test/java/org/jfree/chart/axis/ModuloAxisTest.java, org.jfree.chart.axis,ModuloAxisTest,6
../jfreechart/src/test/java/org/jfree/chart/axis/PeriodAxisTest.java, org.jfree.chart.axis,PeriodAxisTest,17
../jfreechart/src/test/java/org/jfree/chart/axis/DateTickTest.java, org.jfree.chart.axis,DateTickTest,4
../jfreechart/src/test/java/org/jfree/chart/axis/LogAxisTest.java, org.jfree.chart.axis,LogAxisTest,13
../jfreechart/src/test/java/org/jfree/chart/axis/AxisLocationTest.java, org.jfree.chart.axis,AxisLocationTest,3
../jfreechart/src/test/java/org/jfree/chart/axis/AxisSpaceTest.java, org.jfree.chart.axis,AxisSpaceTest,3
../jfreechart/src/test/java/org/jfree/chart/axis/CategoryLabelPositionsTest.java, org.jfree.chart.axis,CategoryLabelPositionsTest,5
../jfreechart/src/test/java/org/jfree/chart/axis/ValueAxisTest.java, org.jfree.chart.axis,ValueAxisTest,15
../jfreechart/src/test/java/org/jfree/chart/axis/CategoryLabelPositionTest.java, org.jfree.chart.axis,CategoryLabelPositionTest,4
../jfreechart/src/test/java/org/jfree/chart/axis/SubCategoryAxisTest.java, org.jfree.chart.axis,SubCategoryAxisTest,10
../jfreechart/src/test/java/org/jfree/chart/axis/ExtendedCategoryAxisTest.java, org.jfree.chart.axis,ExtendedCategoryAxisTest,8
../jfreechart/src/test/java/org/jfree/chart/axis/StandardTickUnitSourceTest.java, org.jfree.chart.axis,StandardTickUnitSourceTest,5
../jfreechart/src/test/java/org/jfree/chart/axis/CategoryLabelWidthTypeTest.java, org.jfree.chart.axis,CategoryLabelWidthTypeTest,2
../jfreechart/src/test/java/org/jfree/chart/api/RectangleAlignmentTest.java, org.jfree.chart.api,RectangleAlignmentTest,1
../jfreechart/src/test/java/org/jfree/chart/MeterChartTest.java, org.jfree.chart,MeterChartTest,6
../jfreechart/src/test/java/org/jfree/chart/text/format/LogFormatTest.java, org.jfree.chart.text.format,LogFormatTest,4
../jfreechart/src/test/java/org/jfree/chart/text/format/HMSNumberFormatTest.java, org.jfree.chart.text.format,HMSNumberFormatTest,2
../jfreechart/src/test/java/org/jfree/chart/text/format/RelativeDateFormatTest.java, org.jfree.chart.text.format,RelativeDateFormatTest,6
../jfreechart/src/test/java/org/jfree/chart/JFreeChartTest.java, org.jfree.chart,JFreeChartTest,16
../jfreechart/src/test/java/org/jfree/chart/block/GridArrangementTest.java, org.jfree.chart.block,GridArrangementTest,8
../jfreechart/src/test/java/org/jfree/chart/block/BorderArrangementTest.java, org.jfree.chart.block,BorderArrangementTest,8
../jfreechart/src/test/java/org/jfree/chart/block/ColumnArrangementTest.java, org.jfree.chart.block,ColumnArrangementTest,3
../jfreechart/src/test/java/org/jfree/chart/block/LabelBlockTest.java, org.jfree.chart.block,LabelBlockTest,5
../jfreechart/src/test/java/org/jfree/chart/block/BlockBorderTest.java, org.jfree.chart.block,BlockBorderTest,4
../jfreechart/src/test/java/org/jfree/chart/block/LineBorderTest.java, org.jfree.chart.block,LineBorderTest,4
../jfreechart/src/test/java/org/jfree/chart/block/ColorBlockTest.java, org.jfree.chart.block,ColorBlockTest,3
../jfreechart/src/test/java/org/jfree/chart/block/FlowArrangementTest.java, org.jfree.chart.block,FlowArrangementTest,3
../jfreechart/src/test/java/org/jfree/chart/block/AbstractBlockTest.java, org.jfree.chart.block,AbstractBlockTest,6
../jfreechart/src/test/java/org/jfree/chart/block/EmptyBlockTest.java, org.jfree.chart.block,EmptyBlockTest,4
../jfreechart/src/test/java/org/jfree/chart/block/RectangleConstraintTest.java, org.jfree.chart.block,RectangleConstraintTest,4
../jfreechart/src/test/java/org/jfree/chart/block/BlockContainerTest.java, org.jfree.chart.block,BlockContainerTest,7
../jfreechart/src/test/java/org/jfree/data/statistics/SimpleHistogramBinTest.java, org.jfree.data.statistics,SimpleHistogramBinTest,6
../jfreechart/src/test/java/org/jfree/data/statistics/BoxAndWhiskerCalculatorTest.java, org.jfree.data.statistics,BoxAndWhiskerCalculatorTest,4
../jfreechart/src/test/java/org/jfree/data/statistics/DefaultMultiValueCategoryDatasetTest.java, org.jfree.data.statistics,DefaultMultiValueCategoryDatasetTest,4
../jfreechart/src/test/java/org/jfree/data/statistics/HistogramBinTest.java, org.jfree.data.statistics,HistogramBinTest,4
../jfreechart/src/test/java/org/jfree/data/statistics/StatisticsTest.java, org.jfree.data.statistics,StatisticsTest,2
../jfreechart/src/test/java/org/jfree/data/statistics/DefaultStatisticalCategoryDatasetTest.java, org.jfree.data.statistics,DefaultStatisticalCategoryDatasetTest,5
../jfreechart/src/test/java/org/jfree/data/statistics/DefaultBoxAndWhiskerXYDatasetTest.java, org.jfree.data.statistics,DefaultBoxAndWhiskerXYDatasetTest,7
../jfreechart/src/test/java/org/jfree/data/statistics/HistogramDatasetTest.java, org.jfree.data.statistics,HistogramDatasetTest,5
../jfreechart/src/test/java/org/jfree/data/statistics/DefaultBoxAndWhiskerCategoryDatasetTest.java, org.jfree.data.statistics,DefaultBoxAndWhiskerCategoryDatasetTest,7
../jfreechart/src/test/java/org/jfree/data/statistics/SimpleHistogramDatasetTest.java, org.jfree.data.statistics,SimpleHistogramDatasetTest,7
../jfreechart/src/test/java/org/jfree/data/statistics/MeanAndStandardDeviationTest.java, org.jfree.data.statistics,MeanAndStandardDeviationTest,3
../jfreechart/src/test/java/org/jfree/data/statistics/BoxAndWhiskerItemTest.java, org.jfree.data.statistics,BoxAndWhiskerItemTest,3
../jfreechart/src/test/java/org/jfree/data/statistics/RegressionTest.java, org.jfree.data.statistics,RegressionTest,3
../jfreechart/src/test/java/org/jfree/data/DefaultKeyedValueTest.java, org.jfree.data,DefaultKeyedValueTest,3
../jfreechart/src/test/java/org/jfree/data/category/DefaultCategoryDatasetTest.java, org.jfree.data.category,DefaultCategoryDatasetTest,4
../jfreechart/src/test/java/org/jfree/data/category/DefaultIntervalCategoryDatasetTest.java, org.jfree.data.category,DefaultIntervalCategoryDatasetTest,5
../jfreechart/src/test/java/org/jfree/data/category/SlidingCategoryDatasetTest.java, org.jfree.data.category,SlidingCategoryDatasetTest,4
../jfreechart/src/test/java/org/jfree/data/category/CategoryToPieDatasetTest.java, org.jfree.data.category,CategoryToPieDatasetTest,3
../jfreechart/src/test/java/org/jfree/data/DefaultKeyedValuesTest.java, org.jfree.data,DefaultKeyedValuesTest,4
../jfreechart/src/test/java/org/jfree/data/DefaultKeyedValues2DTest.java, org.jfree.data,DefaultKeyedValues2DTest,4
../jfreechart/src/test/java/org/jfree/data/general/TestIntervalXYZDataset.java, org.jfree.data.general,TestIntervalXYZDataset,1
../jfreechart/src/test/java/org/jfree/data/general/IntervalDataItem.java, org.jfree.data.general,IntervalDataItem,1
../jfreechart/src/test/java/org/jfree/data/general/DefaultHeatMapDatasetTest.java, org.jfree.data.general,DefaultHeatMapDatasetTest,5
../jfreechart/src/test/java/org/jfree/data/general/DefaultPieDatasetTest.java, org.jfree.data.general,DefaultPieDatasetTest,4
../jfreechart/src/test/java/org/jfree/data/general/DatasetUtilsTest.java, org.jfree.data.general,DatasetUtilsTest,18
../jfreechart/src/test/java/org/jfree/data/general/DefaultKeyedValueDatasetTest.java, org.jfree.data.general,DefaultKeyedValueDatasetTest,4
../jfreechart/src/test/java/org/jfree/data/general/DefaultKeyedValuesDatasetTest.java, org.jfree.data.general,DefaultKeyedValuesDatasetTest,3
../jfreechart/src/test/java/org/jfree/data/general/DefaultKeyedValues2DDatasetTest.java, org.jfree.data.general,DefaultKeyedValues2DDatasetTest,3
../jfreechart/src/test/java/org/jfree/data/general/TestIntervalCategoryDataset.java, org.jfree.data.general,TestIntervalCategoryDataset<R,8
../jfreechart/src/test/java/org/jfree/data/KeyedObjects2DTest.java, org.jfree.data,KeyedObjects2DTest,4
../jfreechart/src/test/java/org/jfree/data/DataUtilsTest.java, org.jfree.data,DataUtilsTest,2
../jfreechart/src/test/java/org/jfree/data/function/PowerFunction2DTest.java, org.jfree.data.function,PowerFunction2DTest,3
../jfreechart/src/test/java/org/jfree/data/function/PolynomialFunction2DTest.java, org.jfree.data.function,PolynomialFunction2DTest,3
../jfreechart/src/test/java/org/jfree/data/function/NormalDistributionFunction2DTest.java, org.jfree.data.function,NormalDistributionFunction2DTest,3
../jfreechart/src/test/java/org/jfree/data/function/LineFunction2DTest.java, org.jfree.data.function,LineFunction2DTest,3
../jfreechart/src/test/java/org/jfree/data/KeyedObjectsTest.java, org.jfree.data,KeyedObjectsTest,4
../jfreechart/src/test/java/org/jfree/data/time/TimePeriodAnchorTest.java, org.jfree.data.time,TimePeriodAnchorTest,2
../jfreechart/src/test/java/org/jfree/data/time/HourTest.java, org.jfree.data.time,HourTest,8
../jfreechart/src/test/java/org/jfree/data/time/FixedMillisecondTest.java, org.jfree.data.time,FixedMillisecondTest,5
../jfreechart/src/test/java/org/jfree/data/time/MovingAverageTest.java, org.jfree.data.time,MovingAverageTest,5
../jfreechart/src/test/java/org/jfree/data/time/SimpleTimePeriodTest.java, org.jfree.data.time,SimpleTimePeriodTest,3
../jfreechart/src/test/java/org/jfree/data/time/ohlc/OHLCTest.java, org.jfree.data.time.ohlc,OHLCTest,3
../jfreechart/src/test/java/org/jfree/data/time/ohlc/OHLCItemTest.java, org.jfree.data.time.ohlc,OHLCItemTest,6
../jfreechart/src/test/java/org/jfree/data/time/ohlc/OHLCSeriesTest.java, org.jfree.data.time.ohlc,OHLCSeriesTest,8
../jfreechart/src/test/java/org/jfree/data/time/ohlc/OHLCSeriesCollectionTest.java, org.jfree.data.time.ohlc,OHLCSeriesCollectionTest,8
../jfreechart/src/test/java/org/jfree/data/time/TimeSeriesCollectionTest.java, org.jfree.data.time,TimeSeriesCollectionTest,12
../jfreechart/src/test/java/org/jfree/data/time/QuarterTest.java, org.jfree.data.time,QuarterTest,8
../jfreechart/src/test/java/org/jfree/data/time/MonthTest.java, org.jfree.data.time,MonthTest,9
../jfreechart/src/test/java/org/jfree/data/time/TimePeriodValuesCollectionTest.java, org.jfree.data.time,TimePeriodValuesCollectionTest,8
../jfreechart/src/test/java/org/jfree/data/time/TimeTableXYDatasetTest.java, org.jfree.data.time,TimeTableXYDatasetTest,6
../jfreechart/src/test/java/org/jfree/data/time/MinuteTest.java, org.jfree.data.time,MinuteTest,9
../jfreechart/src/test/java/org/jfree/data/time/TimePeriodValueTest.java, org.jfree.data.time,TimePeriodValueTest,5
../jfreechart/src/test/java/org/jfree/data/time/DateRangeTest.java, org.jfree.data.time,DateRangeTest,5
../jfreechart/src/test/java/org/jfree/data/time/SecondTest.java, org.jfree.data.time,SecondTest,10
../jfreechart/src/test/java/org/jfree/data/time/TimeSeriesDataItemTest.java, org.jfree.data.time,TimeSeriesDataItemTest,4
../jfreechart/src/test/java/org/jfree/data/time/MillisecondTest.java, org.jfree.data.time,MillisecondTest,10
../jfreechart/src/test/java/org/jfree/data/time/TimeSeriesTest.java, org.jfree.data.time,TimeSeriesTest,14
../jfreechart/src/test/java/org/jfree/data/time/DayTest.java, org.jfree.data.time,DayTest,9
../jfreechart/src/test/java/org/jfree/data/time/YearTest.java, org.jfree.data.time,YearTest,7
../jfreechart/src/test/java/org/jfree/data/time/WeekTest.java, org.jfree.data.time,WeekTest,8
../jfreechart/src/test/java/org/jfree/data/gantt/TaskSeriesCollectionTest.java, org.jfree.data.gantt,TaskSeriesCollectionTest,5
../jfreechart/src/test/java/org/jfree/data/gantt/SlidingGanttCategoryDatasetTest.java, org.jfree.data.gantt,SlidingGanttCategoryDatasetTest,6
../jfreechart/src/test/java/org/jfree/data/gantt/TaskSeriesTest.java, org.jfree.data.gantt,TaskSeriesTest,4
../jfreechart/src/test/java/org/jfree/data/gantt/XYTaskDatasetTest.java, org.jfree.data.gantt,XYTaskDatasetTest,5
../jfreechart/src/test/java/org/jfree/data/gantt/TaskTest.java, org.jfree.data.gantt,TaskTest,5
../jfreechart/src/test/java/org/jfree/data/RangeTypeTest.java, org.jfree.data,RangeTypeTest,3
../jfreechart/src/test/java/org/jfree/data/DatasetChangeConfirmation.java, org.jfree.data,DatasetChangeConfirmation,2
../jfreechart/src/test/java/org/jfree/data/KeyToGroupMapTest.java, org.jfree.data,KeyToGroupMapTest,3
../jfreechart/src/test/java/org/jfree/data/DomainOrderTest.java, org.jfree.data,DomainOrderTest,2
../jfreechart/src/test/java/org/jfree/data/RangeTest.java, org.jfree.data,RangeTest,3
../jfreechart/src/test/java/org/jfree/data/ComparableObjectItemTest.java, org.jfree.data,ComparableObjectItemTest,4
../jfreechart/src/test/java/org/jfree/data/KeyedObjectTest.java, org.jfree.data,KeyedObjectTest,3
../jfreechart/src/test/java/org/jfree/data/xy/DefaultXYDatasetTest.java, org.jfree.data.xy,DefaultXYDatasetTest,4
../jfreechart/src/test/java/org/jfree/data/xy/XYCoordinateTest.java, org.jfree.data.xy,XYCoordinateTest,3
../jfreechart/src/test/java/org/jfree/data/xy/XYSeriesTest.java, org.jfree.data.xy,XYSeriesTest,6
../jfreechart/src/test/java/org/jfree/data/xy/OHLCDataItemTest.java, org.jfree.data.xy,OHLCDataItemTest,4
../jfreechart/src/test/java/org/jfree/data/xy/DefaultXYZDatasetTest.java, org.jfree.data.xy,DefaultXYZDatasetTest,4
../jfreechart/src/test/java/org/jfree/data/xy/TableXYDatasetTest.java, org.jfree.data.xy,TableXYDatasetTest,4
../jfreechart/src/test/java/org/jfree/data/xy/DefaultTableXYDatasetTest.java, org.jfree.data.xy,DefaultTableXYDatasetTest,5
../jfreechart/src/test/java/org/jfree/data/xy/YIntervalTest.java, org.jfree.data.xy,YIntervalTest,3
../jfreechart/src/test/java/org/jfree/data/xy/YIntervalSeriesCollectionTest.java, org.jfree.data.xy,YIntervalSeriesCollectionTest,6
../jfreechart/src/test/java/org/jfree/data/xy/XYBarDatasetTest.java, org.jfree.data.xy,XYBarDatasetTest,5
../jfreechart/src/test/java/org/jfree/data/xy/IntervalXYDelegateTest.java, org.jfree.data.xy,IntervalXYDelegateTest,5
../jfreechart/src/test/java/org/jfree/data/xy/MatrixSeriesCollectionTest.java, org.jfree.data.xy,MatrixSeriesCollectionTest,4
../jfreechart/src/test/java/org/jfree/data/xy/MatrixSeriesTest.java, org.jfree.data.xy,MatrixSeriesTest,3
../jfreechart/src/test/java/org/jfree/data/xy/XYDataItemTest.java, org.jfree.data.xy,XYDataItemTest,4
../jfreechart/src/test/java/org/jfree/data/xy/VectorSeriesCollectionTest.java, org.jfree.data.xy,VectorSeriesCollectionTest,7
../jfreechart/src/test/java/org/jfree/data/xy/XYIntervalSeriesCollectionTest.java, org.jfree.data.xy,XYIntervalSeriesCollectionTest,10
../jfreechart/src/test/java/org/jfree/data/xy/DefaultWindDatasetTest.java, org.jfree.data.xy,DefaultWindDatasetTest,6
../jfreechart/src/test/java/org/jfree/data/xy/XYIntervalDataItemTest.java, org.jfree.data.xy,XYIntervalDataItemTest,9
../jfreechart/src/test/java/org/jfree/data/xy/XIntervalSeriesTest.java, org.jfree.data.xy,XIntervalSeriesTest,5
../jfreechart/src/test/java/org/jfree/data/xy/XIntervalDataItemTest.java, org.jfree.data.xy,XIntervalDataItemTest,5
../jfreechart/src/test/java/org/jfree/data/xy/XYSeriesCollectionTest.java, org.jfree.data.xy,XYSeriesCollectionTest,7
../jfreechart/src/test/java/org/jfree/data/xy/YIntervalDataItemTest.java, org.jfree.data.xy,YIntervalDataItemTest,6
../jfreechart/src/test/java/org/jfree/data/xy/DefaultOHLCDatasetTest.java, org.jfree.data.xy,DefaultOHLCDatasetTest,7
../jfreechart/src/test/java/org/jfree/data/xy/CategoryTableXYDatasetTest.java, org.jfree.data.xy,CategoryTableXYDatasetTest,5
../jfreechart/src/test/java/org/jfree/data/xy/VectorTest.java, org.jfree.data.xy,VectorTest,3
../jfreechart/src/test/java/org/jfree/data/xy/YIntervalSeriesTest.java, org.jfree.data.xy,YIntervalSeriesTest,6
../jfreechart/src/test/java/org/jfree/data/xy/XYIntervalTest.java, org.jfree.data.xy,XYIntervalTest,5
../jfreechart/src/test/java/org/jfree/data/xy/YWithXIntervalTest.java, org.jfree.data.xy,YWithXIntervalTest,3
../jfreechart/src/test/java/org/jfree/data/xy/XIntervalSeriesCollectionTest.java, org.jfree.data.xy,XIntervalSeriesCollectionTest,6
../jfreechart/src/test/java/org/jfree/data/xy/DefaultHighLowDatasetTest.java, org.jfree.data.xy,DefaultHighLowDatasetTest,4
../jfreechart/src/test/java/org/jfree/data/xy/VectorDataItemTest.java, org.jfree.data.xy,VectorDataItemTest,5
../jfreechart/src/test/java/org/jfree/data/xy/VectorSeriesTest.java, org.jfree.data.xy,VectorSeriesTest,7
../jfreechart/src/test/java/org/jfree/data/xy/XYIntervalSeriesTest.java, org.jfree.data.xy,XYIntervalSeriesTest,9
../jfreechart/src/test/java/org/jfree/data/xy/DefaultIntervalXYDatasetTest.java, org.jfree.data.xy,DefaultIntervalXYDatasetTest,4
../jfreechart/src/test/java/org/jfree/data/flow/FlowKeyTest.java, org.jfree.data.flow,FlowKeyTest,2
../jfreechart/src/test/java/org/jfree/data/flow/NodeKeyTest.java, org.jfree.data.flow,NodeKeyTest,3
../jfreechart/src/test/java/org/jfree/data/flow/DefaultFlowDatasetTest.java, org.jfree.data.flow,DefaultFlowDatasetTest,2
../jfreechart/src/main/java/org/jfree/chart/ChartFactory.java, org.jfree.chart,ChartFactory,68
../jfreechart/src/main/java/org/jfree/chart/legend/LegendGraphic.java, org.jfree.chart.legend,LegendGraphic,11
../jfreechart/src/main/java/org/jfree/chart/legend/LegendTitle.java, org.jfree.chart.legend,LegendTitle,24
../jfreechart/src/main/java/org/jfree/chart/legend/LegendItem.java, org.jfree.chart.legend,LegendItem,9
../jfreechart/src/main/java/org/jfree/chart/legend/LegendItemCollection.java, org.jfree.chart.legend,LegendItemCollection,3
../jfreechart/src/main/java/org/jfree/chart/legend/LegendItemBlockContainer.java, org.jfree.chart.legend,LegendItemBlockContainer,7
../jfreechart/src/main/java/org/jfree/chart/legend/PaintScaleLegend.java, org.jfree.chart.legend,PaintScaleLegend,15
../jfreechart/src/main/java/org/jfree/chart/imagemap/StandardURLTagFragmentGenerator.java, org.jfree.chart.imagemap,StandardURLTagFragmentGenerator,1
../jfreechart/src/main/java/org/jfree/chart/imagemap/ImageMapUtils.java, org.jfree.chart.imagemap,ImageMapUtils,9
../jfreechart/src/main/java/org/jfree/chart/imagemap/StandardToolTipTagFragmentGenerator.java, org.jfree.chart.imagemap,StandardToolTipTagFragmentGenerator,2
../jfreechart/src/main/java/org/jfree/chart/imagemap/DynamicDriveToolTipTagFragmentGenerator.java, org.jfree.chart.imagemap,DynamicDriveToolTipTagFragmentGenerator,2
../jfreechart/src/main/java/org/jfree/chart/imagemap/OverLIBToolTipTagFragmentGenerator.java, org.jfree.chart.imagemap,OverLIBToolTipTagFragmentGenerator,2
../jfreechart/src/main/java/org/jfree/chart/renderer/OutlierList.java, org.jfree.chart.renderer,OutlierList,2
../jfreechart/src/main/java/org/jfree/chart/renderer/Outlier.java, org.jfree.chart.renderer,Outlier,1
../jfreechart/src/main/java/org/jfree/chart/renderer/category/MinMaxCategoryRenderer.java, org.jfree.chart.renderer.category,MinMaxCategoryRenderer,14
../jfreechart/src/main/java/org/jfree/chart/renderer/category/StatisticalBarRenderer.java, org.jfree.chart.renderer.category,StatisticalBarRenderer,13
../jfreechart/src/main/java/org/jfree/chart/renderer/category/LevelRenderer.java, org.jfree.chart.renderer.category,LevelRenderer,15
../jfreechart/src/main/java/org/jfree/chart/renderer/category/LineAndShapeRenderer.java, org.jfree.chart.renderer.category,LineAndShapeRenderer,16
../jfreechart/src/main/java/org/jfree/chart/renderer/category/BoxAndWhiskerRenderer.java, org.jfree.chart.renderer.category,BoxAndWhiskerRenderer,19
../jfreechart/src/main/java/org/jfree/chart/renderer/category/StackedAreaRenderer.java, org.jfree.chart.renderer.category,StackedAreaRenderer,13
../jfreechart/src/main/java/org/jfree/chart/renderer/category/StackedBarRenderer.java, org.jfree.chart.renderer.category,StackedBarRenderer,14
../jfreechart/src/main/java/org/jfree/chart/renderer/category/GanttRenderer.java, org.jfree.chart.renderer.category,GanttRenderer,18
../jfreechart/src/main/java/org/jfree/chart/renderer/category/DefaultCategoryItemRenderer.java, org.jfree.chart.renderer.category,DefaultCategoryItemRenderer,4
../jfreechart/src/main/java/org/jfree/chart/renderer/category/WaterfallBarRenderer.java, org.jfree.chart.renderer.category,WaterfallBarRenderer,16
../jfreechart/src/main/java/org/jfree/chart/renderer/category/BarRenderer.java, org.jfree.chart.renderer.category,BarRenderer,22
../jfreechart/src/main/java/org/jfree/chart/renderer/category/LayeredBarRenderer.java, org.jfree.chart.renderer.category,LayeredBarRenderer,10
../jfreechart/src/main/java/org/jfree/chart/renderer/category/StandardBarPainter.java, org.jfree.chart.renderer.category,StandardBarPainter,3
../jfreechart/src/main/java/org/jfree/chart/renderer/category/CategoryItemRendererState.java, org.jfree.chart.renderer.category,CategoryItemRendererState,7
../jfreechart/src/main/java/org/jfree/chart/renderer/category/GroupedStackedBarRenderer.java, org.jfree.chart.renderer.category,GroupedStackedBarRenderer,14
../jfreechart/src/main/java/org/jfree/chart/renderer/category/AreaRenderer.java, org.jfree.chart.renderer.category,AreaRenderer,15
../jfreechart/src/main/java/org/jfree/chart/renderer/category/GradientBarPainter.java, org.jfree.chart.renderer.category,GradientBarPainter,3
../jfreechart/src/main/java/org/jfree/chart/renderer/category/AbstractCategoryItemRenderer.java, org.jfree.chart.renderer.category,AbstractCategoryItemRenderer,27
../jfreechart/src/main/java/org/jfree/chart/renderer/category/StatisticalLineAndShapeRenderer.java, org.jfree.chart.renderer.category,StatisticalLineAndShapeRenderer,15
../jfreechart/src/main/java/org/jfree/chart/renderer/category/ScatterRenderer.java, org.jfree.chart.renderer.category,ScatterRenderer,14
../jfreechart/src/main/java/org/jfree/chart/renderer/category/IntervalBarRenderer.java, org.jfree.chart.renderer.category,IntervalBarRenderer,10
../jfreechart/src/main/java/org/jfree/chart/renderer/RendererUtils.java, org.jfree.chart.renderer,RendererUtils,2
../jfreechart/src/main/java/org/jfree/chart/renderer/GrayPaintScale.java, org.jfree.chart.renderer,GrayPaintScale,2
../jfreechart/src/main/java/org/jfree/chart/renderer/DefaultPolarItemRenderer.java, org.jfree.chart.renderer,DefaultPolarItemRenderer,18
../jfreechart/src/main/java/org/jfree/chart/renderer/NotOutlierException.java, org.jfree.chart.renderer,NotOutlierException,5
../jfreechart/src/main/java/org/jfree/chart/renderer/WaferMapRenderer.java, org.jfree.chart.renderer,WaferMapRenderer,9
../jfreechart/src/main/java/org/jfree/chart/renderer/RendererState.java, org.jfree.chart.renderer,RendererState,4
../jfreechart/src/main/java/org/jfree/chart/renderer/xy/DeviationStepRenderer.java, org.jfree.chart.renderer.xy,DeviationStepRenderer,15
../jfreechart/src/main/java/org/jfree/chart/renderer/xy/XYBubbleRenderer.java, org.jfree.chart.renderer.xy,XYBubbleRenderer,13
../jfreechart/src/main/java/org/jfree/chart/renderer/xy/StackedXYAreaRenderer2.java, org.jfree.chart.renderer.xy,StackedXYAreaRenderer2,16
../jfreechart/src/main/java/org/jfree/chart/renderer/xy/XYShapeRenderer.java, org.jfree.chart.renderer.xy,XYShapeRenderer,21
../jfreechart/src/main/java/org/jfree/chart/renderer/xy/XYItemRendererState.java, org.jfree.chart.renderer.xy,XYItemRendererState,5
../jfreechart/src/main/java/org/jfree/chart/renderer/xy/HighLowRenderer.java, org.jfree.chart.renderer.xy,HighLowRenderer,18
../jfreechart/src/main/java/org/jfree/chart/renderer/xy/StackedXYBarRenderer.java, org.jfree.chart.renderer.xy,StackedXYBarRenderer,17
../jfreechart/src/main/java/org/jfree/chart/renderer/xy/XYAreaRenderer2.java, org.jfree.chart.renderer.xy,XYAreaRenderer2,21
../jfreechart/src/main/java/org/jfree/chart/renderer/xy/XYErrorRenderer.java, org.jfree.chart.renderer.xy,XYErrorRenderer,16
../jfreechart/src/main/java/org/jfree/chart/renderer/xy/GradientXYBarPainter.java, org.jfree.chart.renderer.xy,GradientXYBarPainter,4
../jfreechart/src/main/java/org/jfree/chart/renderer/xy/DefaultXYItemRenderer.java, org.jfree.chart.renderer.xy,DefaultXYItemRenderer,5
../jfreechart/src/main/java/org/jfree/chart/renderer/xy/XYBlockRenderer.java, org.jfree.chart.renderer.xy,XYBlockRenderer,16
../jfreechart/src/main/java/org/jfree/chart/renderer/xy/AbstractXYItemRenderer.java, org.jfree.chart.renderer.xy,AbstractXYItemRenderer,28
../jfreechart/src/main/java/org/jfree/chart/renderer/xy/WindItemRenderer.java, org.jfree.chart.renderer.xy,WindItemRenderer,12
../jfreechart/src/main/java/org/jfree/chart/renderer/xy/XYStepAreaRenderer.java, org.jfree.chart.renderer.xy,XYStepAreaRenderer,16
../jfreechart/src/main/java/org/jfree/chart/renderer/xy/CandlestickRenderer.java, org.jfree.chart.renderer.xy,CandlestickRenderer,19
../jfreechart/src/main/java/org/jfree/chart/renderer/xy/YIntervalRenderer.java, org.jfree.chart.renderer.xy,YIntervalRenderer,17
../jfreechart/src/main/java/org/jfree/chart/renderer/xy/XYDotRenderer.java, org.jfree.chart.renderer.xy,XYDotRenderer,17
../jfreechart/src/main/java/org/jfree/chart/renderer/xy/VectorRenderer.java, org.jfree.chart.renderer.xy,VectorRenderer,14
../jfreechart/src/main/java/org/jfree/chart/renderer/xy/XYStepRenderer.java, org.jfree.chart.renderer.xy,XYStepRenderer,16
../jfreechart/src/main/java/org/jfree/chart/renderer/xy/XYBoxAndWhiskerRenderer.java, org.jfree.chart.renderer.xy,XYBoxAndWhiskerRenderer,21
../jfreechart/src/main/java/org/jfree/chart/renderer/xy/XYDifferenceRenderer.java, org.jfree.chart.renderer.xy,XYDifferenceRenderer,20
../jfreechart/src/main/java/org/jfree/chart/renderer/xy/ClusteredXYBarRenderer.java, org.jfree.chart.renderer.xy,ClusteredXYBarRenderer,15
../jfreechart/src/main/java/org/jfree/chart/renderer/xy/StandardXYBarPainter.java, org.jfree.chart.renderer.xy,StandardXYBarPainter,4
../jfreechart/src/main/java/org/jfree/chart/renderer/OutlierListCollection.java, org.jfree.chart.renderer,OutlierListCollection,3
../jfreechart/src/main/java/org/jfree/chart/renderer/AbstractRenderer.java, org.jfree.chart.renderer,AbstractRenderer,14
../jfreechart/src/main/java/org/jfree/chart/plot/CombinedRangeCategoryPlot.java, org.jfree.chart.plot,CombinedRangeCategoryPlot,17
../jfreechart/src/main/java/org/jfree/chart/plot/FastScatterPlot.java, org.jfree.chart.plot,FastScatterPlot,21
../jfreechart/src/main/java/org/jfree/chart/plot/CrosshairState.java, org.jfree.chart.plot,CrosshairState,3
../jfreechart/src/main/java/org/jfree/chart/plot/XYCrosshairState.java, org.jfree.chart.plot,XYCrosshairState,5
../jfreechart/src/main/java/org/jfree/chart/plot/PlotState.java, org.jfree.chart.plot,PlotState,4
../jfreechart/src/main/java/org/jfree/chart/plot/WaferMapPlot.java, org.jfree.chart.plot,WaferMapPlot,13
../jfreechart/src/main/java/org/jfree/chart/plot/Crosshair.java, org.jfree.chart.plot,Crosshair,7
../jfreechart/src/main/java/org/jfree/chart/plot/DefaultDrawingSupplier.java, org.jfree.chart.plot,DefaultDrawingSupplier,5
../jfreechart/src/main/java/org/jfree/chart/plot/PlotRenderingInfo.java, org.jfree.chart.plot,PlotRenderingInfo,7
../jfreechart/src/main/java/org/jfree/chart/plot/PolarPlot.java, org.jfree.chart.plot,PolarPlot,26
../jfreechart/src/main/java/org/jfree/chart/plot/RingPlot.java, org.jfree.chart.plot,RingPlot,13
../jfreechart/src/main/java/org/jfree/chart/plot/MeterInterval.java, org.jfree.chart.plot,MeterInterval,7
../jfreechart/src/main/java/org/jfree/chart/plot/dial/AbstractDialLayer.java, org.jfree.chart.plot.dial,AbstractDialLayer,3
../jfreechart/src/main/java/org/jfree/chart/plot/dial/ArcDialFrame.java, org.jfree.chart.plot.dial,ArcDialFrame,10
../jfreechart/src/main/java/org/jfree/chart/plot/dial/DialLayerChangeEvent.java, org.jfree.chart.plot.dial,DialLayerChangeEvent,3
../jfreechart/src/main/java/org/jfree/chart/plot/dial/StandardDialRange.java, org.jfree.chart.plot.dial,StandardDialRange,11
../jfreechart/src/main/java/org/jfree/chart/plot/dial/DialTextAnnotation.java, org.jfree.chart.plot.dial,DialTextAnnotation,12
../jfreechart/src/main/java/org/jfree/chart/plot/dial/DialBackground.java, org.jfree.chart.plot.dial,DialBackground,11
../jfreechart/src/main/java/org/jfree/chart/plot/dial/StandardDialScale.java, org.jfree.chart.plot.dial,StandardDialScale,11
../jfreechart/src/main/java/org/jfree/chart/plot/dial/DialCap.java, org.jfree.chart.plot.dial,DialCap,11
../jfreechart/src/main/java/org/jfree/chart/plot/dial/StandardDialFrame.java, org.jfree.chart.plot.dial,StandardDialFrame,10
../jfreechart/src/main/java/org/jfree/chart/plot/dial/DialValueIndicator.java, org.jfree.chart.plot.dial,DialValueIndicator,14
../jfreechart/src/main/java/org/jfree/chart/plot/dial/DialPlot.java, org.jfree.chart.plot.dial,DialPlot,11
../jfreechart/src/main/java/org/jfree/chart/plot/pie/MultiplePiePlot.java, org.jfree.chart.plot.pie,MultiplePiePlot,20
../jfreechart/src/main/java/org/jfree/chart/plot/pie/AbstractPieLabelDistributor.java, org.jfree.chart.plot.pie,AbstractPieLabelDistributor,5
../jfreechart/src/main/java/org/jfree/chart/plot/pie/PiePlotState.java, org.jfree.chart.plot.pie,PiePlotState,6
../jfreechart/src/main/java/org/jfree/chart/plot/pie/PieLabelRecord.java, org.jfree.chart.plot.pie,PieLabelRecord,2
../jfreechart/src/main/java/org/jfree/chart/plot/pie/PiePlot.java, org.jfree.chart.plot.pie,PiePlot<K,28
../jfreechart/src/main/java/org/jfree/chart/plot/pie/PieLabelDistributor.java, org.jfree.chart.plot.pie,PieLabelDistributor,4
../jfreechart/src/main/java/org/jfree/chart/plot/MeterPlot.java, org.jfree.chart.plot,MeterPlot,18
../jfreechart/src/main/java/org/jfree/chart/plot/ValueMarker.java, org.jfree.chart.plot,ValueMarker,4
../jfreechart/src/main/java/org/jfree/chart/plot/CategoryPlot.java, org.jfree.chart.plot,CategoryPlot<R,35
../jfreechart/src/main/java/org/jfree/chart/plot/XYPlot.java, org.jfree.chart.plot,XYPlot<S,34
../jfreechart/src/main/java/org/jfree/chart/plot/IntervalMarker.java, org.jfree.chart.plot,IntervalMarker,4
../jfreechart/src/main/java/org/jfree/chart/plot/CategoryMarker.java, org.jfree.chart.plot,CategoryMarker,6
../jfreechart/src/main/java/org/jfree/chart/plot/ThermometerPlot.java, org.jfree.chart.plot,ThermometerPlot,23
../jfreechart/src/main/java/org/jfree/chart/plot/compass/MeterNeedle.java, org.jfree.chart.plot.compass,MeterNeedle,6
../jfreechart/src/main/java/org/jfree/chart/plot/compass/MiddlePinNeedle.java, org.jfree.chart.plot.compass,MiddlePinNeedle,4
../jfreechart/src/main/java/org/jfree/chart/plot/compass/WindNeedle.java, org.jfree.chart.plot.compass,WindNeedle,5
../jfreechart/src/main/java/org/jfree/chart/plot/compass/PointerNeedle.java, org.jfree.chart.plot.compass,PointerNeedle,5
../jfreechart/src/main/java/org/jfree/chart/plot/compass/ShipNeedle.java, org.jfree.chart.plot.compass,ShipNeedle,5
../jfreechart/src/main/java/org/jfree/chart/plot/compass/LongNeedle.java, org.jfree.chart.plot.compass,LongNeedle,3
../jfreechart/src/main/java/org/jfree/chart/plot/compass/ArrowNeedle.java, org.jfree.chart.plot.compass,ArrowNeedle,4
../jfreechart/src/main/java/org/jfree/chart/plot/compass/PinNeedle.java, org.jfree.chart.plot.compass,PinNeedle,3
../jfreechart/src/main/java/org/jfree/chart/plot/compass/PlumNeedle.java, org.jfree.chart.plot.compass,PlumNeedle,5
../jfreechart/src/main/java/org/jfree/chart/plot/compass/CompassPlot.java, org.jfree.chart.plot.compass,CompassPlot,24
../jfreechart/src/main/java/org/jfree/chart/plot/compass/LineNeedle.java, org.jfree.chart.plot.compass,LineNeedle,3
../jfreechart/src/main/java/org/jfree/chart/plot/CategoryCrosshairState.java, org.jfree.chart.plot,CategoryCrosshairState<R,5
../jfreechart/src/main/java/org/jfree/chart/plot/CombinedRangeXYPlot.java, org.jfree.chart.plot,CombinedRangeXYPlot<S,18
../jfreechart/src/main/java/org/jfree/chart/plot/CombinedDomainXYPlot.java, org.jfree.chart.plot,CombinedDomainXYPlot<S,19
../jfreechart/src/main/java/org/jfree/chart/plot/SpiderWebPlot.java, org.jfree.chart.plot,SpiderWebPlot,18
../jfreechart/src/main/java/org/jfree/chart/plot/Marker.java, org.jfree.chart.plot,Marker,7
../jfreechart/src/main/java/org/jfree/chart/plot/Plot.java, org.jfree.chart.plot,Plot,24
../jfreechart/src/main/java/org/jfree/chart/plot/CombinedDomainCategoryPlot.java, org.jfree.chart.plot,CombinedDomainCategoryPlot,17
../jfreechart/src/main/java/org/jfree/chart/plot/flow/FlowPlot.java, org.jfree.chart.plot.flow,FlowPlot,15
../jfreechart/src/main/java/org/jfree/chart/util/StringUtils.java, org.jfree.chart.util,StringUtils,1
../jfreechart/src/main/java/org/jfree/chart/util/DirectionalGradientPaintTransformer.java, org.jfree.chart.util,DirectionalGradientPaintTransformer,1
../jfreechart/src/main/java/org/jfree/chart/util/StandardGradientPaintTransformer.java, org.jfree.chart.util,StandardGradientPaintTransformer,1
../jfreechart/src/main/java/org/jfree/chart/util/AttrStringUtils.java, org.jfree.chart.util,AttrStringUtils,3
../jfreechart/src/main/java/org/jfree/chart/util/DefaultShadowGenerator.java, org.jfree.chart.util,DefaultShadowGenerator,3
../jfreechart/src/main/java/org/jfree/chart/util/ExportUtils.java, org.jfree.chart.util,ExportUtils,2
../jfreechart/src/main/java/org/jfree/chart/util/PaintAlpha.java, org.jfree.chart.util,PaintAlpha,1
../jfreechart/src/main/java/org/jfree/chart/title/Title.java, org.jfree.chart.title,Title,6
../jfreechart/src/main/java/org/jfree/chart/title/ShortTextTitle.java, org.jfree.chart.title,ShortTextTitle,8
../jfreechart/src/main/java/org/jfree/chart/title/ImageTitle.java, org.jfree.chart.title,ImageTitle,7
../jfreechart/src/main/java/org/jfree/chart/title/DateTitle.java, org.jfree.chart.title,DateTitle,5
../jfreechart/src/main/java/org/jfree/chart/title/TextTitle.java, org.jfree.chart.title,TextTitle,19
../jfreechart/src/main/java/org/jfree/chart/title/CompositeTitle.java, org.jfree.chart.title,CompositeTitle,11
../jfreechart/src/main/java/org/jfree/chart/JFreeChart.java, org.jfree.chart,JFreeChart,24
../jfreechart/src/main/java/org/jfree/chart/entity/CategoryLabelEntity.java, org.jfree.chart.entity,CategoryLabelEntity<C,7
../jfreechart/src/main/java/org/jfree/chart/entity/TitleEntity.java, org.jfree.chart.entity,TitleEntity,7
../jfreechart/src/main/java/org/jfree/chart/entity/PlotEntity.java, org.jfree.chart.entity,PlotEntity,7
../jfreechart/src/main/java/org/jfree/chart/entity/AxisEntity.java, org.jfree.chart.entity,AxisEntity,7
../jfreechart/src/main/java/org/jfree/chart/entity/TickLabelEntity.java, org.jfree.chart.entity,TickLabelEntity,4
../jfreechart/src/main/java/org/jfree/chart/entity/CategoryItemEntity.java, org.jfree.chart.entity,CategoryItemEntity<R,4
../jfreechart/src/main/java/org/jfree/chart/entity/JFreeChartEntity.java, org.jfree.chart.entity,JFreeChartEntity,6
../jfreechart/src/main/java/org/jfree/chart/entity/LegendItemEntity.java, org.jfree.chart.entity,LegendItemEntity<S,4
../jfreechart/src/main/java/org/jfree/chart/entity/PieSectionEntity.java, org.jfree.chart.entity,PieSectionEntity<K,4
../jfreechart/src/main/java/org/jfree/chart/entity/StandardEntityCollection.java, org.jfree.chart.entity,StandardEntityCollection,3
../jfreechart/src/main/java/org/jfree/chart/entity/ChartEntity.java, org.jfree.chart.entity,ChartEntity,4
../jfreechart/src/main/java/org/jfree/chart/entity/XYItemEntity.java, org.jfree.chart.entity,XYItemEntity,4
../jfreechart/src/main/java/org/jfree/chart/entity/FlowEntity.java, org.jfree.chart.entity,FlowEntity,6
../jfreechart/src/main/java/org/jfree/chart/entity/NodeEntity.java, org.jfree.chart.entity,NodeEntity,7
../jfreechart/src/main/java/org/jfree/chart/entity/XYAnnotationEntity.java, org.jfree.chart.entity,XYAnnotationEntity,4
../jfreechart/src/main/java/org/jfree/chart/ChartUtils.java, org.jfree.chart,ChartUtils,9
../jfreechart/src/main/java/org/jfree/chart/swing/ApplicationFrame.java, org.jfree.chart.swing,ApplicationFrame,2
../jfreechart/src/main/java/org/jfree/chart/swing/DefaultSelectionZoomStrategy.java, org.jfree.chart.swing,DefaultSelectionZoomStrategy,2
../jfreechart/src/main/java/org/jfree/chart/swing/PolarChartPanel.java, org.jfree.chart.swing,PolarChartPanel,7
../jfreechart/src/main/java/org/jfree/chart/swing/UIUtils.java, org.jfree.chart.swing,UIUtils,2
../jfreechart/src/main/java/org/jfree/chart/swing/ChartFrame.java, org.jfree.chart.swing,ChartFrame,3
../jfreechart/src/main/java/org/jfree/chart/swing/NumberCellRenderer.java, org.jfree.chart.swing,NumberCellRenderer,2
../jfreechart/src/main/java/org/jfree/chart/swing/ChartPanel.java, org.jfree.chart.swing,ChartPanel,18
../jfreechart/src/main/java/org/jfree/chart/swing/CrosshairOverlay.java, org.jfree.chart.swing,CrosshairOverlay,13
../jfreechart/src/main/java/org/jfree/chart/swing/OverlayChangeEvent.java, org.jfree.chart.swing,OverlayChangeEvent,2
../jfreechart/src/main/java/org/jfree/chart/swing/MouseWheelHandler.java, org.jfree.chart.swing,MouseWheelHandler,6
../jfreechart/src/main/java/org/jfree/chart/swing/ChartMouseEvent.java, org.jfree.chart.swing,ChartMouseEvent,4
../jfreechart/src/main/java/org/jfree/chart/swing/AbstractOverlay.java, org.jfree.chart.swing,AbstractOverlay,5
../jfreechart/src/main/java/org/jfree/chart/swing/editor/DefaultChartEditorFactory.java, org.jfree.chart.swing.editor,DefaultChartEditorFactory,1
../jfreechart/src/main/java/org/jfree/chart/swing/editor/DefaultPolarPlotEditor.java, org.jfree.chart.swing.editor,DefaultPolarPlotEditor,9
../jfreechart/src/main/java/org/jfree/chart/swing/editor/FontDisplayField.java, org.jfree.chart.swing.editor,FontDisplayField,2
../jfreechart/src/main/java/org/jfree/chart/swing/editor/PaintSample.java, org.jfree.chart.swing.editor,PaintSample,2
../jfreechart/src/main/java/org/jfree/chart/swing/editor/DefaultLogAxisEditor.java, org.jfree.chart.swing.editor,DefaultLogAxisEditor,9
../jfreechart/src/main/java/org/jfree/chart/swing/editor/ChartEditorManager.java, org.jfree.chart.swing.editor,ChartEditorManager,3
../jfreechart/src/main/java/org/jfree/chart/swing/editor/FontChooserPanel.java, org.jfree.chart.swing.editor,FontChooserPanel,3
../jfreechart/src/main/java/org/jfree/chart/swing/editor/LCBLayout.java, org.jfree.chart.swing.editor,LCBLayout,1
../jfreechart/src/main/java/org/jfree/chart/swing/editor/StrokeChooserPanel.java, org.jfree.chart.swing.editor,StrokeChooserPanel,3
../jfreechart/src/main/java/org/jfree/chart/swing/editor/StrokeSample.java, org.jfree.chart.swing.editor,StrokeSample,2
../jfreechart/src/main/java/org/jfree/chart/date/SpreadsheetDate.java, org.jfree.chart.date,SpreadsheetDate,8
../jfreechart/src/main/java/org/jfree/chart/date/SerialDate.java, org.jfree.chart.date,SerialDate,9
../jfreechart/src/main/java/org/jfree/chart/labels/IntervalXYItemLabelGenerator.java, org.jfree.chart.labels,IntervalXYItemLabelGenerator,3
../jfreechart/src/main/java/org/jfree/chart/labels/StandardPieToolTipGenerator.java, org.jfree.chart.labels,StandardPieToolTipGenerator,3
../jfreechart/src/main/java/org/jfree/chart/labels/IntervalXYToolTipGenerator.java, org.jfree.chart.labels,IntervalXYToolTipGenerator,3
../jfreechart/src/main/java/org/jfree/chart/labels/BoxAndWhiskerXYToolTipGenerator.java, org.jfree.chart.labels,BoxAndWhiskerXYToolTipGenerator,3
../jfreechart/src/main/java/org/jfree/chart/labels/AbstractCategoryItemLabelGenerator.java, org.jfree.chart.labels,AbstractCategoryItemLabelGenerator,4
../jfreechart/src/main/java/org/jfree/chart/labels/MultipleXYSeriesLabelGenerator.java, org.jfree.chart.labels,MultipleXYSeriesLabelGenerator,3
../jfreechart/src/main/java/org/jfree/chart/labels/CustomXYToolTipGenerator.java, org.jfree.chart.labels,CustomXYToolTipGenerator,1
../jfreechart/src/main/java/org/jfree/chart/labels/BoxAndWhiskerToolTipGenerator.java, org.jfree.chart.labels,BoxAndWhiskerToolTipGenerator,3
../jfreechart/src/main/java/org/jfree/chart/labels/AbstractXYItemLabelGenerator.java, org.jfree.chart.labels,AbstractXYItemLabelGenerator,3
../jfreechart/src/main/java/org/jfree/chart/labels/IntervalCategoryItemLabelGenerator.java, org.jfree.chart.labels,IntervalCategoryItemLabelGenerator,3
../jfreechart/src/main/java/org/jfree/chart/labels/SymbolicXYItemLabelGenerator.java, org.jfree.chart.labels,SymbolicXYItemLabelGenerator,3
../jfreechart/src/main/java/org/jfree/chart/labels/BubbleXYItemLabelGenerator.java, org.jfree.chart.labels,BubbleXYItemLabelGenerator,6
../jfreechart/src/main/java/org/jfree/chart/labels/StandardCategorySeriesLabelGenerator.java, org.jfree.chart.labels,StandardCategorySeriesLabelGenerator,3
../jfreechart/src/main/java/org/jfree/chart/labels/StandardCrosshairLabelGenerator.java, org.jfree.chart.labels,StandardCrosshairLabelGenerator,3
../jfreechart/src/main/java/org/jfree/chart/labels/StandardXYItemLabelGenerator.java, org.jfree.chart.labels,StandardXYItemLabelGenerator,3
../jfreechart/src/main/java/org/jfree/chart/labels/StandardFlowLabelGenerator.java, org.jfree.chart.labels,StandardFlowLabelGenerator,2
../jfreechart/src/main/java/org/jfree/chart/labels/StandardCategoryToolTipGenerator.java, org.jfree.chart.labels,StandardCategoryToolTipGenerator,3
../jfreechart/src/main/java/org/jfree/chart/labels/StandardXYZToolTipGenerator.java, org.jfree.chart.labels,StandardXYZToolTipGenerator,4
../jfreechart/src/main/java/org/jfree/chart/labels/StandardPieSectionLabelGenerator.java, org.jfree.chart.labels,StandardPieSectionLabelGenerator,3
../jfreechart/src/main/java/org/jfree/chart/labels/StandardCategoryItemLabelGenerator.java, org.jfree.chart.labels,StandardCategoryItemLabelGenerator,3
../jfreechart/src/main/java/org/jfree/chart/labels/StandardXYToolTipGenerator.java, org.jfree.chart.labels,StandardXYToolTipGenerator,3
../jfreechart/src/main/java/org/jfree/chart/labels/ItemLabelPosition.java, org.jfree.chart.labels,ItemLabelPosition,2
../jfreechart/src/main/java/org/jfree/chart/labels/IntervalCategoryToolTipGenerator.java, org.jfree.chart.labels,IntervalCategoryToolTipGenerator,3
../jfreechart/src/main/java/org/jfree/chart/labels/AbstractPieItemLabelGenerator.java, org.jfree.chart.labels,AbstractPieItemLabelGenerator,4
../jfreechart/src/main/java/org/jfree/chart/labels/StandardXYSeriesLabelGenerator.java, org.jfree.chart.labels,StandardXYSeriesLabelGenerator,3
../jfreechart/src/main/java/org/jfree/chart/labels/HighLowItemLabelGenerator.java, org.jfree.chart.labels,HighLowItemLabelGenerator,3
../jfreechart/src/main/java/org/jfree/chart/internal/ShapeUtils.java, org.jfree.chart.internal,ShapeUtils,3
../jfreechart/src/main/java/org/jfree/chart/internal/ArrayUtils.java, org.jfree.chart.internal,ArrayUtils,1
../jfreechart/src/main/java/org/jfree/chart/internal/LineUtils.java, org.jfree.chart.internal,LineUtils,2
../jfreechart/src/main/java/org/jfree/chart/internal/SerialUtils.java, org.jfree.chart.internal,SerialUtils,2
../jfreechart/src/main/java/org/jfree/chart/internal/CloneUtils.java, org.jfree.chart.internal,CloneUtils,2
../jfreechart/src/main/java/org/jfree/chart/internal/PaintUtils.java, org.jfree.chart.internal,PaintUtils,2
../jfreechart/src/main/java/org/jfree/chart/internal/Args.java, org.jfree.chart.internal,Args,2
../jfreechart/src/main/java/org/jfree/chart/internal/HashUtils.java, org.jfree.chart.internal,HashUtils,1
../jfreechart/src/main/java/org/jfree/chart/annotations/XYImageAnnotation.java, org.jfree.chart.annotations,XYImageAnnotation,10
../jfreechart/src/main/java/org/jfree/chart/annotations/TextAnnotation.java, org.jfree.chart.annotations,TextAnnotation,8
../jfreechart/src/main/java/org/jfree/chart/annotations/XYTextAnnotation.java, org.jfree.chart.annotations,XYTextAnnotation,15
../jfreechart/src/main/java/org/jfree/chart/annotations/AbstractAnnotation.java, org.jfree.chart.annotations,AbstractAnnotation,2
../jfreechart/src/main/java/org/jfree/chart/annotations/XYDrawableAnnotation.java, org.jfree.chart.annotations,XYDrawableAnnotation,9
../jfreechart/src/main/java/org/jfree/chart/annotations/XYTitleAnnotation.java, org.jfree.chart.annotations,XYTitleAnnotation,17
../jfreechart/src/main/java/org/jfree/chart/annotations/CategoryLineAnnotation.java, org.jfree.chart.annotations,CategoryLineAnnotation,14
../jfreechart/src/main/java/org/jfree/chart/annotations/XYDataImageAnnotation.java, org.jfree.chart.annotations,XYDataImageAnnotation,10
../jfreechart/src/main/java/org/jfree/chart/annotations/XYPolygonAnnotation.java, org.jfree.chart.annotations,XYPolygonAnnotation,12
../jfreechart/src/main/java/org/jfree/chart/annotations/XYLineAnnotation.java, org.jfree.chart.annotations,XYLineAnnotation,13
../jfreechart/src/main/java/org/jfree/chart/annotations/CategoryPointerAnnotation.java, org.jfree.chart.annotations,CategoryPointerAnnotation,14
../jfreechart/src/main/java/org/jfree/chart/annotations/XYShapeAnnotation.java, org.jfree.chart.annotations,XYShapeAnnotation,12
../jfreechart/src/main/java/org/jfree/chart/annotations/XYPointerAnnotation.java, org.jfree.chart.annotations,XYPointerAnnotation,14
../jfreechart/src/main/java/org/jfree/chart/annotations/CategoryTextAnnotation.java, org.jfree.chart.annotations,CategoryTextAnnotation,11
../jfreechart/src/main/java/org/jfree/chart/annotations/AbstractXYAnnotation.java, org.jfree.chart.annotations,AbstractXYAnnotation,9
../jfreechart/src/main/java/org/jfree/chart/annotations/XYBoxAnnotation.java, org.jfree.chart.annotations,XYBoxAnnotation,11
../jfreechart/src/main/java/org/jfree/chart/StandardChartTheme.java, org.jfree.chart,StandardChartTheme,48
../jfreechart/src/main/java/org/jfree/chart/urls/StandardXYZURLGenerator.java, org.jfree.chart.urls,StandardXYZURLGenerator,3
../jfreechart/src/main/java/org/jfree/chart/urls/CustomXYURLGenerator.java, org.jfree.chart.urls,CustomXYURLGenerator,1
../jfreechart/src/main/java/org/jfree/chart/urls/CustomCategoryURLGenerator.java, org.jfree.chart.urls,CustomCategoryURLGenerator,1
../jfreechart/src/main/java/org/jfree/chart/urls/CustomPieURLGenerator.java, org.jfree.chart.urls,CustomPieURLGenerator,3
../jfreechart/src/main/java/org/jfree/chart/urls/TimeSeriesURLGenerator.java, org.jfree.chart.urls,TimeSeriesURLGenerator,2
../jfreechart/src/main/java/org/jfree/chart/urls/StandardCategoryURLGenerator.java, org.jfree.chart.urls,StandardCategoryURLGenerator,2
../jfreechart/src/main/java/org/jfree/chart/urls/StandardPieURLGenerator.java, org.jfree.chart.urls,StandardPieURLGenerator,2
../jfreechart/src/main/java/org/jfree/chart/urls/StandardXYURLGenerator.java, org.jfree.chart.urls,StandardXYURLGenerator,2
../jfreechart/src/main/java/org/jfree/chart/encoders/SunJPEGEncoderAdapter.java, org.jfree.chart.encoders,SunJPEGEncoderAdapter,3
../jfreechart/src/main/java/org/jfree/chart/encoders/SunPNGEncoderAdapter.java, org.jfree.chart.encoders,SunPNGEncoderAdapter,3
../jfreechart/src/main/java/org/jfree/chart/encoders/ImageEncoderFactory.java, org.jfree.chart.encoders,ImageEncoderFactory,3
../jfreechart/src/main/java/org/jfree/chart/encoders/EncoderUtil.java, org.jfree.chart.encoders,EncoderUtil,2
../jfreechart/src/main/java/org/jfree/chart/axis/SubCategoryAxis.java, org.jfree.chart.axis,SubCategoryAxis,12
../jfreechart/src/main/java/org/jfree/chart/axis/ModuloAxis.java, org.jfree.chart.axis,ModuloAxis,6
../jfreechart/src/main/java/org/jfree/chart/axis/LogarithmicAxis.java, org.jfree.chart.axis,LogarithmicAxis,10
../jfreechart/src/main/java/org/jfree/chart/axis/CategoryAxis.java, org.jfree.chart.axis,CategoryAxis,21
../jfreechart/src/main/java/org/jfree/chart/axis/CategoryTick.java, org.jfree.chart.axis,CategoryTick,6
../jfreechart/src/main/java/org/jfree/chart/axis/NumberTickUnit.java, org.jfree.chart.axis,NumberTickUnit,6
../jfreechart/src/main/java/org/jfree/chart/axis/TickUnits.java, org.jfree.chart.axis,TickUnits,8
../jfreechart/src/main/java/org/jfree/chart/axis/PeriodAxis.java, org.jfree.chart.axis,PeriodAxis,21
../jfreechart/src/main/java/org/jfree/chart/axis/Tick.java, org.jfree.chart.axis,Tick,2
../jfreechart/src/main/java/org/jfree/chart/axis/Axis.java, org.jfree.chart.axis,Axis,18
../jfreechart/src/main/java/org/jfree/chart/axis/AxisCollection.java, org.jfree.chart.axis,AxisCollection,3
../jfreechart/src/main/java/org/jfree/chart/axis/ExtendedCategoryAxis.java, org.jfree.chart.axis,ExtendedCategoryAxis,11
../jfreechart/src/main/java/org/jfree/chart/axis/NumberTick.java, org.jfree.chart.axis,NumberTick,4
../jfreechart/src/main/java/org/jfree/chart/axis/NumberAxis.java, org.jfree.chart.axis,NumberAxis,19
../jfreechart/src/main/java/org/jfree/chart/axis/DateTickUnit.java, org.jfree.chart.axis,DateTickUnit,9
../jfreechart/src/main/java/org/jfree/chart/axis/MarkerAxisBand.java, org.jfree.chart.axis,MarkerAxisBand,8
../jfreechart/src/main/java/org/jfree/chart/axis/QuarterDateFormat.java, org.jfree.chart.axis,QuarterDateFormat,4
../jfreechart/src/main/java/org/jfree/chart/axis/MonthDateFormat.java, org.jfree.chart.axis,MonthDateFormat,5
../jfreechart/src/main/java/org/jfree/chart/axis/PeriodAxisLabelInfo.java, org.jfree.chart.axis,PeriodAxisLabelInfo,7
../jfreechart/src/main/java/org/jfree/chart/axis/TickUnit.java, org.jfree.chart.axis,TickUnit,4
../jfreechart/src/main/java/org/jfree/chart/axis/StandardTickUnitSource.java, org.jfree.chart.axis,StandardTickUnitSource,7
../jfreechart/src/main/java/org/jfree/chart/axis/AxisSpace.java, org.jfree.chart.axis,AxisSpace,3
../jfreechart/src/main/java/org/jfree/chart/axis/CategoryLabelPosition.java, org.jfree.chart.axis,CategoryLabelPosition,5
../jfreechart/src/main/java/org/jfree/chart/axis/SymbolAxis.java, org.jfree.chart.axis,SymbolAxis,17
../jfreechart/src/main/java/org/jfree/chart/axis/LogTick.java, org.jfree.chart.axis,LogTick,6
../jfreechart/src/main/java/org/jfree/chart/axis/LogAxis.java, org.jfree.chart.axis,LogAxis,21
../jfreechart/src/main/java/org/jfree/chart/axis/CompassFormat.java, org.jfree.chart.axis,CompassFormat,3
../jfreechart/src/main/java/org/jfree/chart/axis/DateTick.java, org.jfree.chart.axis,DateTick,7
../jfreechart/src/main/java/org/jfree/chart/axis/CategoryLabelPositions.java, org.jfree.chart.axis,CategoryLabelPositions,5
../jfreechart/src/main/java/org/jfree/chart/axis/ValueTick.java, org.jfree.chart.axis,ValueTick,3
../jfreechart/src/main/java/org/jfree/chart/axis/ValueAxis.java, org.jfree.chart.axis,ValueAxis,21
../jfreechart/src/main/java/org/jfree/chart/axis/NumberTickUnitSource.java, org.jfree.chart.axis,NumberTickUnitSource,5
../jfreechart/src/main/java/org/jfree/chart/axis/AxisState.java, org.jfree.chart.axis,AxisState,5
../jfreechart/src/main/java/org/jfree/chart/ChartRenderingInfo.java, org.jfree.chart,ChartRenderingInfo,5
../jfreechart/src/main/java/org/jfree/chart/ChartTransferable.java, org.jfree.chart,ChartTransferable,2
../jfreechart/src/main/java/org/jfree/chart/api/RectangleInsets.java, org.jfree.chart.api,RectangleInsets,2
../jfreechart/src/main/java/org/jfree/chart/ChartColor.java, org.jfree.chart,ChartColor,2
../jfreechart/src/main/java/org/jfree/chart/text/AttributedStringUtils.java, org.jfree.chart.text,AttributedStringUtils,2
../jfreechart/src/main/java/org/jfree/chart/text/TextBox.java, org.jfree.chart.text,TextBox,5
../jfreechart/src/main/java/org/jfree/chart/text/TextLine.java, org.jfree.chart.text,TextLine,5
../jfreechart/src/main/java/org/jfree/chart/text/TextBlock.java, org.jfree.chart.text,TextBlock,6
../jfreechart/src/main/java/org/jfree/chart/text/G2TextMeasurer.java, org.jfree.chart.text,G2TextMeasurer,2
../jfreechart/src/main/java/org/jfree/chart/text/format/RelativeDateFormat.java, org.jfree.chart.text.format,RelativeDateFormat,7
../jfreechart/src/main/java/org/jfree/chart/text/format/HMSNumberFormat.java, org.jfree.chart.text.format,HMSNumberFormat,2
../jfreechart/src/main/java/org/jfree/chart/text/format/LogFormat.java, org.jfree.chart.text.format,LogFormat,3
../jfreechart/src/main/java/org/jfree/chart/text/format/HexNumberFormat.java, org.jfree.chart.text.format,HexNumberFormat,2
../jfreechart/src/main/java/org/jfree/chart/text/TextUtils.java, org.jfree.chart.text,TextUtils,5
../jfreechart/src/main/java/org/jfree/chart/text/TextFragment.java, org.jfree.chart.text,TextFragment,6
../jfreechart/src/main/java/org/jfree/chart/event/AxisChangeEvent.java, org.jfree.chart.event,AxisChangeEvent,4
../jfreechart/src/main/java/org/jfree/chart/event/ChartChangeEvent.java, org.jfree.chart.event,ChartChangeEvent,3
../jfreechart/src/main/java/org/jfree/chart/event/PlotChangeEvent.java, org.jfree.chart.event,PlotChangeEvent,4
../jfreechart/src/main/java/org/jfree/chart/event/ChartProgressEvent.java, org.jfree.chart.event,ChartProgressEvent,3
../jfreechart/src/main/java/org/jfree/chart/event/TitleChangeEvent.java, org.jfree.chart.event,TitleChangeEvent,4
../jfreechart/src/main/java/org/jfree/chart/event/RendererChangeEvent.java, org.jfree.chart.event,RendererChangeEvent,3
../jfreechart/src/main/java/org/jfree/chart/event/AnnotationChangeEvent.java, org.jfree.chart.event,AnnotationChangeEvent,4
../jfreechart/src/main/java/org/jfree/chart/event/MarkerChangeEvent.java, org.jfree.chart.event,MarkerChangeEvent,4
../jfreechart/src/main/java/org/jfree/chart/block/AbstractBlock.java, org.jfree.chart.block,AbstractBlock,9
../jfreechart/src/main/java/org/jfree/chart/block/BlockResult.java, org.jfree.chart.block,BlockResult,1
../jfreechart/src/main/java/org/jfree/chart/block/LabelBlock.java, org.jfree.chart.block,LabelBlock,14
../jfreechart/src/main/java/org/jfree/chart/block/BlockParams.java, org.jfree.chart.block,BlockParams,1
../jfreechart/src/main/java/org/jfree/chart/block/Size2D.java, org.jfree.chart.block,Size2D,1
../jfreechart/src/main/java/org/jfree/chart/block/FlowArrangement.java, org.jfree.chart.block,FlowArrangement,5
../jfreechart/src/main/java/org/jfree/chart/block/BorderArrangement.java, org.jfree.chart.block,BorderArrangement,5
../jfreechart/src/main/java/org/jfree/chart/block/GridArrangement.java, org.jfree.chart.block,GridArrangement,5
../jfreechart/src/main/java/org/jfree/chart/block/ColumnArrangement.java, org.jfree.chart.block,ColumnArrangement,5
../jfreechart/src/main/java/org/jfree/chart/block/LineBorder.java, org.jfree.chart.block,LineBorder,6
../jfreechart/src/main/java/org/jfree/chart/block/ColorBlock.java, org.jfree.chart.block,ColorBlock,8
../jfreechart/src/main/java/org/jfree/chart/block/BlockContainer.java, org.jfree.chart.block,BlockContainer,10
../jfreechart/src/main/java/org/jfree/chart/block/CenterArrangement.java, org.jfree.chart.block,CenterArrangement,5
../jfreechart/src/main/java/org/jfree/chart/block/RectangleConstraint.java, org.jfree.chart.block,RectangleConstraint,4
../jfreechart/src/main/java/org/jfree/chart/block/EmptyBlock.java, org.jfree.chart.block,EmptyBlock,5
../jfreechart/src/main/java/org/jfree/chart/block/BlockBorder.java, org.jfree.chart.block,BlockBorder,5
../jfreechart/src/main/java/org/jfree/data/statistics/DefaultBoxAndWhiskerCategoryDataset.java, org.jfree.data.statistics,DefaultBoxAndWhiskerCategoryDataset<R,10
../jfreechart/src/main/java/org/jfree/data/statistics/SimpleHistogramDataset.java, org.jfree.data.statistics,SimpleHistogramDataset<K,8
../jfreechart/src/main/java/org/jfree/data/statistics/SimpleHistogramBin.java, org.jfree.data.statistics,SimpleHistogramBin,3
../jfreechart/src/main/java/org/jfree/data/statistics/HistogramDataset.java, org.jfree.data.statistics,HistogramDataset,5
../jfreechart/src/main/java/org/jfree/data/statistics/BoxAndWhiskerItem.java, org.jfree.data.statistics,BoxAndWhiskerItem,3
../jfreechart/src/main/java/org/jfree/data/statistics/Statistics.java, org.jfree.data.statistics,Statistics,3
../jfreechart/src/main/java/org/jfree/data/statistics/MeanAndStandardDeviation.java, org.jfree.data.statistics,MeanAndStandardDeviation,1
../jfreechart/src/main/java/org/jfree/data/statistics/BoxAndWhiskerCalculator.java, org.jfree.data.statistics,BoxAndWhiskerCalculator,7
../jfreechart/src/main/java/org/jfree/data/statistics/DefaultBoxAndWhiskerXYDataset.java, org.jfree.data.statistics,DefaultBoxAndWhiskerXYDataset<S,7
../jfreechart/src/main/java/org/jfree/data/statistics/HistogramBin.java, org.jfree.data.statistics,HistogramBin,2
../jfreechart/src/main/java/org/jfree/data/statistics/Regression.java, org.jfree.data.statistics,Regression,2
../jfreechart/src/main/java/org/jfree/data/statistics/DefaultMultiValueCategoryDataset.java, org.jfree.data.statistics,DefaultMultiValueCategoryDataset<R,6
../jfreechart/src/main/java/org/jfree/data/statistics/DefaultStatisticalCategoryDataset.java, org.jfree.data.statistics,DefaultStatisticalCategoryDataset<R,8
../jfreechart/src/main/java/org/jfree/data/KeyedValuesItemKey.java, org.jfree.data,KeyedValuesItemKey<K,3
../jfreechart/src/main/java/org/jfree/data/category/DefaultCategoryDataset.java, org.jfree.data.category,DefaultCategoryDataset<R,6
../jfreechart/src/main/java/org/jfree/data/category/DefaultIntervalCategoryDataset.java, org.jfree.data.category,DefaultIntervalCategoryDataset,6
../jfreechart/src/main/java/org/jfree/data/category/CategoryToPieDataset.java, org.jfree.data.category,CategoryToPieDataset,5
../jfreechart/src/main/java/org/jfree/data/category/SlidingCategoryDataset.java, org.jfree.data.category,SlidingCategoryDataset<R,5
../jfreechart/src/main/java/org/jfree/data/general/DefaultHeatMapDataset.java, org.jfree.data.general,DefaultHeatMapDataset,5
../jfreechart/src/main/java/org/jfree/data/general/DefaultValueDataset.java, org.jfree.data.general,DefaultValueDataset,4
../jfreechart/src/main/java/org/jfree/data/general/AbstractDataset.java, org.jfree.data.general,AbstractDataset,2
../jfreechart/src/main/java/org/jfree/data/general/Series.java, org.jfree.data.general,Series<K,4
../jfreechart/src/main/java/org/jfree/data/general/DefaultKeyedValueDataset.java, org.jfree.data.general,DefaultKeyedValueDataset,4
../jfreechart/src/main/java/org/jfree/data/general/DefaultKeyedValuesDataset.java, org.jfree.data.general,DefaultKeyedValuesDataset<K,3
../jfreechart/src/main/java/org/jfree/data/general/DefaultKeyedValues2DDataset.java, org.jfree.data.general,DefaultKeyedValues2DDataset<R,3
../jfreechart/src/main/java/org/jfree/data/general/DatasetUtils.java, org.jfree.data.general,DatasetUtils,9
../jfreechart/src/main/java/org/jfree/data/general/DatasetChangeEvent.java, org.jfree.data.general,DatasetChangeEvent,3
../jfreechart/src/main/java/org/jfree/data/general/WaferMapDataset.java, org.jfree.data.general,WaferMapDataset,5
../jfreechart/src/main/java/org/jfree/data/general/HeatMapUtils.java, org.jfree.data.general,HeatMapUtils,2
../jfreechart/src/main/java/org/jfree/data/general/AbstractSeriesDataset.java, org.jfree.data.general,AbstractSeriesDataset<S,4
../jfreechart/src/main/java/org/jfree/data/general/SeriesChangeEvent.java, org.jfree.data.general,SeriesChangeEvent,2
../jfreechart/src/main/java/org/jfree/data/general/SeriesException.java, org.jfree.data.general,SeriesException,2
../jfreechart/src/main/java/org/jfree/data/general/DefaultPieDataset.java, org.jfree.data.general,DefaultPieDataset<K,9
../jfreechart/src/main/java/org/jfree/data/resources/DataPackageResources_fr.java, org.jfree.data.resources,DataPackageResources_fr,3
../jfreechart/src/main/java/org/jfree/data/resources/DataPackageResources_es.java, org.jfree.data.resources,DataPackageResources_es,3
../jfreechart/src/main/java/org/jfree/data/resources/DataPackageResources.java, org.jfree.data.resources,DataPackageResources,2
../jfreechart/src/main/java/org/jfree/data/resources/DataPackageResources_ru.java, org.jfree.data.resources,DataPackageResources_ru,3
../jfreechart/src/main/java/org/jfree/data/resources/DataPackageResources_pl.java, org.jfree.data.resources,DataPackageResources_pl,3
../jfreechart/src/main/java/org/jfree/data/resources/DataPackageResources_de.java, org.jfree.data.resources,DataPackageResources_de,3
../jfreechart/src/main/java/org/jfree/data/KeyToGroupMap.java, org.jfree.data,KeyToGroupMap<K,3
../jfreechart/src/main/java/org/jfree/data/KeyedValues2DItemKey.java, org.jfree.data,KeyedValues2DItemKey<R,3
../jfreechart/src/main/java/org/jfree/data/io/CSV.java, org.jfree.data.io,CSV,1
../jfreechart/src/main/java/org/jfree/data/KeyedObjects2D.java, org.jfree.data,KeyedObjects2D<R,4
../jfreechart/src/main/java/org/jfree/data/DataUtils.java, org.jfree.data,DataUtils,5
../jfreechart/src/main/java/org/jfree/data/DefaultKeyedValues2D.java, org.jfree.data,DefaultKeyedValues2D<R,5
../jfreechart/src/main/java/org/jfree/data/function/NormalDistributionFunction2D.java, org.jfree.data.function,NormalDistributionFunction2D,2
../jfreechart/src/main/java/org/jfree/data/function/PowerFunction2D.java, org.jfree.data.function,PowerFunction2D,2
../jfreechart/src/main/java/org/jfree/data/function/LineFunction2D.java, org.jfree.data.function,LineFunction2D,2
../jfreechart/src/main/java/org/jfree/data/function/PolynomialFunction2D.java, org.jfree.data.function,PolynomialFunction2D,3
../jfreechart/src/main/java/org/jfree/data/KeyedObject.java, org.jfree.data,KeyedObject<K,2
../jfreechart/src/main/java/org/jfree/data/xml/PieDatasetHandler.java, org.jfree.data.xml,PieDatasetHandler,4
../jfreechart/src/main/java/org/jfree/data/xml/ItemHandler.java, org.jfree.data.xml,ItemHandler,7
../jfreechart/src/main/java/org/jfree/data/xml/DatasetReader.java, org.jfree.data.xml,DatasetReader,4
../jfreechart/src/main/java/org/jfree/data/xml/CategorySeriesHandler.java, org.jfree.data.xml,CategorySeriesHandler,5
../jfreechart/src/main/java/org/jfree/data/xml/KeyHandler.java, org.jfree.data.xml,KeyHandler,5
../jfreechart/src/main/java/org/jfree/data/xml/CategoryDatasetHandler.java, org.jfree.data.xml,CategoryDatasetHandler,4
../jfreechart/src/main/java/org/jfree/data/xml/RootHandler.java, org.jfree.data.xml,RootHandler,2
../jfreechart/src/main/java/org/jfree/data/xml/ValueHandler.java, org.jfree.data.xml,ValueHandler,4
../jfreechart/src/main/java/org/jfree/data/time/Millisecond.java, org.jfree.data.time,Millisecond,10
../jfreechart/src/main/java/org/jfree/data/time/TimeTableXYDataset.java, org.jfree.data.time,TimeTableXYDataset,6
../jfreechart/src/main/java/org/jfree/data/time/DateRange.java, org.jfree.data.time,DateRange,3
../jfreechart/src/main/java/org/jfree/data/time/Week.java, org.jfree.data.time,Week,8
../jfreechart/src/main/java/org/jfree/data/time/Minute.java, org.jfree.data.time,Minute,9
../jfreechart/src/main/java/org/jfree/data/time/TimeSeriesTableModel.java, org.jfree.data.time,TimeSeriesTableModel,4
../jfreechart/src/main/java/org/jfree/data/time/TimePeriodFormatException.java, org.jfree.data.time,TimePeriodFormatException,2
../jfreechart/src/main/java/org/jfree/data/time/FixedMillisecond.java, org.jfree.data.time,FixedMillisecond,5
../jfreechart/src/main/java/org/jfree/data/time/ohlc/OHLCItem.java, org.jfree.data.time.ohlc,OHLCItem,5
../jfreechart/src/main/java/org/jfree/data/time/ohlc/OHLC.java, org.jfree.data.time.ohlc,OHLC,3
../jfreechart/src/main/java/org/jfree/data/time/ohlc/OHLCSeries.java, org.jfree.data.time.ohlc,OHLCSeries<S,8
../jfreechart/src/main/java/org/jfree/data/time/ohlc/OHLCSeriesCollection.java, org.jfree.data.time.ohlc,OHLCSeriesCollection,10
../jfreechart/src/main/java/org/jfree/data/time/Day.java, org.jfree.data.time,Day,8
../jfreechart/src/main/java/org/jfree/data/time/TimeSeriesCollection.java, org.jfree.data.time,TimeSeriesCollection<S,10
../jfreechart/src/main/java/org/jfree/data/time/MovingAverage.java, org.jfree.data.time,MovingAverage,6
../jfreechart/src/main/java/org/jfree/data/time/TimePeriodValuesCollection.java, org.jfree.data.time,TimePeriodValuesCollection,7
../jfreechart/src/main/java/org/jfree/data/time/Year.java, org.jfree.data.time,Year,5
../jfreechart/src/main/java/org/jfree/data/time/TimeSeriesDataItem.java, org.jfree.data.time,TimeSeriesDataItem,13
../jfreechart/src/main/java/org/jfree/data/time/Quarter.java, org.jfree.data.time,Quarter,9
../jfreechart/src/main/java/org/jfree/data/time/SimpleTimePeriod.java, org.jfree.data.time,SimpleTimePeriod,1
../jfreechart/src/main/java/org/jfree/data/time/Hour.java, org.jfree.data.time,Hour,8
../jfreechart/src/main/java/org/jfree/data/time/TimeSeries.java, org.jfree.data.time,TimeSeries<S,12
../jfreechart/src/main/java/org/jfree/data/time/TimePeriodValue.java, org.jfree.data.time,TimePeriodValue,2
../jfreechart/src/main/java/org/jfree/data/time/Second.java, org.jfree.data.time,Second,11
../jfreechart/src/main/java/org/jfree/data/time/Month.java, org.jfree.data.time,Month,8
../jfreechart/src/main/java/org/jfree/data/time/TimePeriodValues.java, org.jfree.data.time,TimePeriodValues<S,6
../jfreechart/src/main/java/org/jfree/data/time/RegularTimePeriod.java, org.jfree.data.time,RegularTimePeriod,10
../jfreechart/src/main/java/org/jfree/data/gantt/TaskSeries.java, org.jfree.data.gantt,TaskSeries<K,7
../jfreechart/src/main/java/org/jfree/data/gantt/SlidingGanttCategoryDataset.java, org.jfree.data.gantt,SlidingGanttCategoryDataset,5
../jfreechart/src/main/java/org/jfree/data/gantt/TaskSeriesCollection.java, org.jfree.data.gantt,TaskSeriesCollection<R,8
../jfreechart/src/main/java/org/jfree/data/gantt/Task.java, org.jfree.data.gantt,Task,3
../jfreechart/src/main/java/org/jfree/data/gantt/XYTaskDataset.java, org.jfree.data.gantt,XYTaskDataset,9
../jfreechart/src/main/java/org/jfree/data/KeyedObjects.java, org.jfree.data,KeyedObjects<K,5
../jfreechart/src/main/java/org/jfree/data/DefaultKeyedValue.java, org.jfree.data,DefaultKeyedValue<K,4
../jfreechart/src/main/java/org/jfree/data/json/impl/JSONArray.java, org.jfree.data.json.impl,JSONArray,3
../jfreechart/src/main/java/org/jfree/data/json/impl/JSONValue.java, org.jfree.data.json.impl,JSONValue,3
../jfreechart/src/main/java/org/jfree/data/json/impl/JSONObject.java, org.jfree.data.json.impl,JSONObject,3
../jfreechart/src/main/java/org/jfree/data/json/JSONUtils.java, org.jfree.data.json,JSONUtils,3
../jfreechart/src/main/java/org/jfree/data/Range.java, org.jfree.data,Range,2
../jfreechart/src/main/java/org/jfree/data/DefaultKeyedValues.java, org.jfree.data,DefaultKeyedValues<K,7
../jfreechart/src/main/java/org/jfree/data/ComparableObjectSeries.java, org.jfree.data,ComparableObjectSeries<K,9
../jfreechart/src/main/java/org/jfree/data/KeyedValueComparator.java, org.jfree.data,KeyedValueComparator,2
../jfreechart/src/main/java/org/jfree/data/ComparableObjectItem.java, org.jfree.data,ComparableObjectItem,2
../jfreechart/src/main/java/org/jfree/data/UnknownKeyException.java, org.jfree.data,UnknownKeyException,2
../jfreechart/src/main/java/org/jfree/data/xy/XYIntervalDataItem.java, org.jfree.data.xy,XYIntervalDataItem,7
../jfreechart/src/main/java/org/jfree/data/xy/IntervalXYDelegate.java, org.jfree.data.xy,IntervalXYDelegate,6
../jfreechart/src/main/java/org/jfree/data/xy/XIntervalSeries.java, org.jfree.data.xy,XIntervalSeries<S,6
../jfreechart/src/main/java/org/jfree/data/xy/Vector.java, org.jfree.data.xy,Vector,1
../jfreechart/src/main/java/org/jfree/data/xy/XYInterval.java, org.jfree.data.xy,XYInterval,5
../jfreechart/src/main/java/org/jfree/data/xy/AbstractIntervalXYDataset.java, org.jfree.data.xy,AbstractIntervalXYDataset<S,3
../jfreechart/src/main/java/org/jfree/data/xy/DefaultIntervalXYDataset.java, org.jfree.data.xy,DefaultIntervalXYDataset<S,8
../jfreechart/src/main/java/org/jfree/data/xy/VectorSeries.java, org.jfree.data.xy,VectorSeries<S,6
../jfreechart/src/main/java/org/jfree/data/xy/MatrixSeriesCollection.java, org.jfree.data.xy,MatrixSeriesCollection<S,5
../jfreechart/src/main/java/org/jfree/data/xy/YIntervalSeriesCollection.java, org.jfree.data.xy,YIntervalSeriesCollection<S,9
../jfreechart/src/main/java/org/jfree/data/xy/XYIntervalSeries.java, org.jfree.data.xy,XYIntervalSeries<S,10
../jfreechart/src/main/java/org/jfree/data/xy/AbstractXYZDataset.java, org.jfree.data.xy,AbstractXYZDataset<S,3
../jfreechart/src/main/java/org/jfree/data/xy/XYSeriesCollection.java, org.jfree.data.xy,XYSeriesCollection<S,11
../jfreechart/src/main/java/org/jfree/data/xy/XYItemKey.java, org.jfree.data.xy,XYItemKey<S,3
../jfreechart/src/main/java/org/jfree/data/xy/DefaultXYDataset.java, org.jfree.data.xy,DefaultXYDataset<S,6
../jfreechart/src/main/java/org/jfree/data/xy/XYSeries.java, org.jfree.data.xy,XYSeries<K,8
../jfreechart/src/main/java/org/jfree/data/xy/XIntervalDataItem.java, org.jfree.data.xy,XIntervalDataItem,5
../jfreechart/src/main/java/org/jfree/data/xy/OHLCDataItem.java, org.jfree.data.xy,OHLCDataItem,4
../jfreechart/src/main/java/org/jfree/data/xy/DefaultWindDataset.java, org.jfree.data.xy,DefaultWindDataset,3
../jfreechart/src/main/java/org/jfree/data/xy/XYDataItem.java, org.jfree.data.xy,XYDataItem,2
../jfreechart/src/main/java/org/jfree/data/xy/XIntervalSeriesCollection.java, org.jfree.data.xy,XIntervalSeriesCollection<S,9
../jfreechart/src/main/java/org/jfree/data/xy/CategoryTableXYDataset.java, org.jfree.data.xy,CategoryTableXYDataset,6
../jfreechart/src/main/java/org/jfree/data/xy/XYBarDataset.java, org.jfree.data.xy,XYBarDataset<S,4
../jfreechart/src/main/java/org/jfree/data/xy/XYDatasetTableModel.java, org.jfree.data.xy,XYDatasetTableModel,6
../jfreechart/src/main/java/org/jfree/data/xy/DefaultOHLCDataset.java, org.jfree.data.xy,DefaultOHLCDataset,4
../jfreechart/src/main/java/org/jfree/data/xy/XYCoordinate.java, org.jfree.data.xy,XYCoordinate,1
../jfreechart/src/main/java/org/jfree/data/xy/YIntervalDataItem.java, org.jfree.data.xy,YIntervalDataItem,5
../jfreechart/src/main/java/org/jfree/data/xy/VectorSeriesCollection.java, org.jfree.data.xy,VectorSeriesCollection<S,10
../jfreechart/src/main/java/org/jfree/data/xy/DefaultXYZDataset.java, org.jfree.data.xy,DefaultXYZDataset<S,6
../jfreechart/src/main/java/org/jfree/data/xy/VectorDataItem.java, org.jfree.data.xy,VectorDataItem,5
../jfreechart/src/main/java/org/jfree/data/xy/NormalizedMatrixSeries.java, org.jfree.data.xy,NormalizedMatrixSeries,2
../jfreechart/src/main/java/org/jfree/data/xy/MatrixSeries.java, org.jfree.data.xy,MatrixSeries<K,4
../jfreechart/src/main/java/org/jfree/data/xy/YInterval.java, org.jfree.data.xy,YInterval,3
../jfreechart/src/main/java/org/jfree/data/xy/YIntervalSeries.java, org.jfree.data.xy,YIntervalSeries<S,7
../jfreechart/src/main/java/org/jfree/data/xy/DefaultHighLowDataset.java, org.jfree.data.xy,DefaultHighLowDataset,5
../jfreechart/src/main/java/org/jfree/data/xy/DefaultTableXYDataset.java, org.jfree.data.xy,DefaultTableXYDataset<S,10
../jfreechart/src/main/java/org/jfree/data/xy/XYIntervalSeriesCollection.java, org.jfree.data.xy,XYIntervalSeriesCollection<S,12
../jfreechart/src/main/java/org/jfree/data/xy/AbstractXYDataset.java, org.jfree.data.xy,AbstractXYDataset<S,3
../jfreechart/src/main/java/org/jfree/data/xy/YWithXInterval.java, org.jfree.data.xy,YWithXInterval,2
../jfreechart/src/main/java/org/jfree/data/flow/FlowDatasetUtils.java, org.jfree.data.flow,FlowDatasetUtils,7
../jfreechart/src/main/java/org/jfree/data/flow/NodeKey.java, org.jfree.data.flow,NodeKey,3
../jfreechart/src/main/java/org/jfree/data/flow/FlowKey.java, org.jfree.data.flow,FlowKey<K,3
../jfreechart/src/main/java/org/jfree/data/flow/DefaultFlowDataset.java, org.jfree.data.flow,DefaultFlowDataset<K,8
